deployment_id,receiver_serial_number,receiver_reference_type,receiver_reference_id,receiver_manufacturer,receiver_model
ASF-West Line D-VR2-2272-2009,2272,ManmadePlatform,ASF_ASF-West Line D,VEMCO,VR2
ASF-WYERS POOL-Kedgewick-VR2-2603-2006,2603,ManmadePlatform,ASF_ASF-WYERS POOL-Kedgewick,VEMCO,VR2
ASF-WYERS POOL-Kedgewick-VR2-3342-2005,3342,ManmadePlatform,ASF_ASF-WYERS POOL-Kedgewick,VEMCO,VR2
ASF-2 km Upriver of the Oxbow-VR2-1135-2007,1135,ManmadePlatform,ASF_ASF-2 km Upriver of the Oxbow,VEMCO,VR2
ASF-Above Falls-VR2-3335-2008,3335,ManmadePlatform,ASF_ASF-Above Falls,VEMCO,VR2
ASF-Above Falls-VR2-3335-2009,3335,ManmadePlatform,ASF_ASF-Above Falls,VEMCO,VR2
ASF-Above Falls-VR2-3342-2010,3342,ManmadePlatform,ASF_ASF-Above Falls,VEMCO,VR2
ASF-Above Falls-VR2-3349-2009,3349,ManmadePlatform,ASF_ASF-Above Falls,VEMCO,VR2
ASF-Above Falls-VR2-3357-2007,3357,ManmadePlatform,ASF_ASF-Above Falls,VEMCO,VR2
ASF-Above Falls-VR2-5032-2010,5032,ManmadePlatform,ASF_ASF-Above Falls,VEMCO,VR2
ASF-Anticosti Island 1-VR2-2587-2010,2587,ManmadePlatform,ASF_ASF-Anticosti Island 1,VEMCO,VR2
ASF-Anticosti Island 2-VR2-2581-2010,2581,ManmadePlatform,ASF_ASF-Anticosti Island 2,VEMCO,VR2
ASF-Anticosti Island 3-VR2-3335-2010,3335,ManmadePlatform,ASF_ASF-Anticosti Island 3,VEMCO,VR2
ASF-Anticosti Island 4-VR2-3346-2010,3346,ManmadePlatform,ASF_ASF-Anticosti Island 4,VEMCO,VR2
EST-Gamtoos-VR2W-119101-3,119101,ManmadePlatform,SAF_EST-Gamtoos,VEMCO,VR2W
EST-Gouritz-U22-001-10098862-2,10098862,ManmadePlatform,SAF_EST-Gouritz,UNK,U22-001
EST-Gouritz-VR2W-102853-2,102853,ManmadePlatform,SAF_EST-Gouritz,VEMCO,VR2W
EST-Keiskamma-U22-001-10098859-2,10098859,ManmadePlatform,SAF_EST-Keiskamma,UNK,U22-001
EST-Keiskamma-VR2W-120163-2,120163,ManmadePlatform,SAF_EST-Keiskamma,VEMCO,VR2W
EST-Swartkops-VR2W-119095-3,119095,ManmadePlatform,SAF_EST-Swartkops,VEMCO,VR2W
ESTSundays-VR2W-112441-4,112441,ManmadePlatform,SAF_SAF-Sundays,VEMCO,VR2W
GSBGSB001-VR2W-119624-3,119624,ManmadePlatform,SAF_GSB-GSB001,VEMCO,VR2W
PSJPSJ001-VR2W-119100-4,119100,ManmadePlatform,SAF_SAF-PSJ001,VEMCO,VR2W
PSJPSJ002-U22-001-10106787-4,10106787,ManmadePlatform,SAF_SAF-PSJ002,UNK,U22-001
PSJPSJ002-VR2W-120168-4,120168,ManmadePlatform,SAF_SAF-PSJ002,VEMCO,VR2W
PSJPSJ003-VR2W-112472-4,112472,ManmadePlatform,SAF_SAF-PSJ003,VEMCO,VR2W
SAFAB003-VR2W-120157-6,120157,ManmadePlatform,SAF_SAF-AB003,VEMCO,VR2W
SAFAB004-VR2W-119110-6,119110,ManmadePlatform,SAF_SAF-AB004,VEMCO,VR2W
SAFAB005-U22-001-10113348-6,10113348,ManmadePlatform,SAF_SAF-AB005,UNK,U22-001
SAFAB005-VR2W-112419-6,112419,ManmadePlatform,SAF_SAF-AB005,VEMCO,VR2W
SAFAB006-VR2W-120150-6,120150,ManmadePlatform,SAF_SAF-AB006,VEMCO,VR2W
SAFAB007-VR2W-119617-6,119617,ManmadePlatform,SAF_SAF-AB007,VEMCO,VR2W
CPCP001-VR2W-119161-3,119161,ManmadePlatform,SAF_SAF-CP001,VEMCO,VR2W
CPCP002-U22-001-10098872-3,10098872,ManmadePlatform,SAF_SAF-CP002,UNK,U22-001
CPCP002-VR2W-112345-3,112345,ManmadePlatform,SAF_SAF-CP002,VEMCO,VR2W
CPCP003-VR2W-120152-3,120152,ManmadePlatform,SAF_SAF-CP003,VEMCO,VR2W
ASF-Anticosti Island 5-VR2W-109522-2010,109522,ManmadePlatform,ASF_ASF-Anticosti Island 5,VEMCO,VR2W
ASF-CB4-VR2-4293-2009,4293,ManmadePlatform,ASF_ASF-CB4,VEMCO,VR2
ASF-Barnaby Isand-VR2-1127-2009,1127,ManmadePlatform,ASF_ASF-Barnaby Isand,VEMCO,VR2
ASF-Barnaby Isand-VR2-2605-2005,2605,ManmadePlatform,ASF_ASF-Barnaby Isand,VEMCO,VR2
ASF-BARTIBOG UPSTREAM 1-VR2-2267-2009,2267,ManmadePlatform,ASF_ASF-BARTIBOG UPSTREAM 1,VEMCO,VR2
ASF-BARTIBOG UPSTREAM 2-VR2-1152-2009,1152,ManmadePlatform,ASF_ASF-BARTIBOG UPSTREAM 2,VEMCO,VR2
ASF-BB low-VR2-2599-2005,2599,ManmadePlatform,ASF_ASF-BB low,VEMCO,VR2
ASF-Belledune Coastline 1-VR2-2589-2005,2589,ManmadePlatform,ASF_ASF-Belledune Coastline 1,VEMCO,VR2
ASF-Belledune Coastline 2-VR2-2593-2005,2593,ManmadePlatform,ASF_ASF-Belledune Coastline 2,VEMCO,VR2
ASF-Belledune Coastline 3-VR2-2600-2005,2600,ManmadePlatform,ASF_ASF-Belledune Coastline 3,VEMCO,VR2
ASF-Below Falls-VR2-1143-2007,1143,ManmadePlatform,ASF_ASF-Below Falls,VEMCO,VR2
ASF-Below Falls-VR2-1143-2008,1143,ManmadePlatform,ASF_ASF-Below Falls,VEMCO,VR2
ASF-Below Falls-VR2-2587-2007,2587,ManmadePlatform,ASF_ASF-Below Falls,VEMCO,VR2
ASF-Below Falls-VR2-3342-2008,3342,ManmadePlatform,ASF_ASF-Below Falls,VEMCO,VR2
ASF-Below Falls-VR2-3342-2009,3342,ManmadePlatform,ASF_ASF-Below Falls,VEMCO,VR2
ASF-Below Falls-VR2-3353-2007,3353,ManmadePlatform,ASF_ASF-Below Falls,VEMCO,VR2
ASF-Below Falls-VR2-3353-2009,3353,ManmadePlatform,ASF_ASF-Below Falls,VEMCO,VR2
ASF-Below Falls-VR2-5033-2010,5033,ManmadePlatform,ASF_ASF-Below Falls,VEMCO,VR2
ASF-Boies1-VR2-2606-2005,2606,ManmadePlatform,ASF_ASF-Boies1,VEMCO,VR2
ASF-Boies2-VR2-2607-2005,2607,ManmadePlatform,ASF_ASF-Boies2,VEMCO,VR2
ASF-Boiestown-Tuckaway Lodge-VR2-1013-2006,1013,ManmadePlatform,ASF_ASF-Boiestown-Tuckaway Lodge,VEMCO,VR2
ASF-Boiestown-Tuckaway Lodge-VR2-1097-2007,1097,ManmadePlatform,ASF_ASF-Boiestown-Tuckaway Lodge,VEMCO,VR2
ASF-Boston Brook-VR2-2609-2006,2609,ManmadePlatform,ASF_ASF-Boston Brook,VEMCO,VR2
ASF-Boston Brook-VR2-3347-2005,3347,ManmadePlatform,ASF_ASF-Boston Brook,VEMCO,VR2
ASF-Bridge 1-VR2-3352-2007,3352,ManmadePlatform,ASF_ASF-Bridge 1,VEMCO,VR2
ASF-Bridge 1-VR2-3352-2008,3352,ManmadePlatform,ASF_ASF-Bridge 1,VEMCO,VR2
ASF-Bridge 2-VR2-3353-2008,3353,ManmadePlatform,ASF_ASF-Bridge 2,VEMCO,VR2
ASF-Bridge-VR2-1564-2009,1564,ManmadePlatform,ASF_ASF-Bridge,VEMCO,VR2
ASF-Bridge-VR2-2884-2009,2884,ManmadePlatform,ASF_ASF-Bridge,VEMCO,VR2
ASF-Bridge-VR2W-105524-2010,105524,ManmadePlatform,ASF_ASF-Bridge,VEMCO,VR2W
ASF-Bridge-VR2W-109400-2010,109400,ManmadePlatform,ASF_ASF-Bridge,VEMCO,VR2W
ASF-CASC1-VR2-2586-2005,2586,ManmadePlatform,ASF_ASF-CASC1,VEMCO,VR2
ASF-CASC2-VR2-2587-2005,2587,ManmadePlatform,ASF_ASF-CASC2,VEMCO,VR2
ASF-CASC3-VR2-2588-2005,2588,ManmadePlatform,ASF_ASF-CASC3,VEMCO,VR2
ASF-Cascapedia 1-VR2-1164-2010,1164,ManmadePlatform,ASF_ASF-Cascapedia 1,VEMCO,VR2
ASF-Cascapedia 1-VR2-1169-2009,1169,ManmadePlatform,ASF_ASF-Cascapedia 1,VEMCO,VR2
ASF-Cascapedia 2-VR2-1164-2009,1164,ManmadePlatform,ASF_ASF-Cascapedia 2,VEMCO,VR2
ASF-Cascapedia 2-VR2-1169-2010,1169,ManmadePlatform,ASF_ASF-Cascapedia 2,VEMCO,VR2
ASF-Cascapedia River 1-VR2-2908-2006,2908,ManmadePlatform,ASF_ASF-Cascapedia River 1,VEMCO,VR2
ASF-Cascapedia River 1-VR2-3337-2007,3337,ManmadePlatform,ASF_ASF-Cascapedia River 1,VEMCO,VR2
ASF-Cascapedia River 2-VR2-2593-2006,2593,ManmadePlatform,ASF_ASF-Cascapedia River 2,VEMCO,VR2
ASF-Cascapedia River 2-VR2-3341-2007,3341,ManmadePlatform,ASF_ASF-Cascapedia River 2,VEMCO,VR2
ASF-Casc Estuary 1-VR2-1126-2005,1126,ManmadePlatform,ASF_ASF-Casc Estuary 1,VEMCO,VR2
ASF-Casc Estuary 1-VR2-2910-2006,2910,ManmadePlatform,ASF_ASF-Casc Estuary 1,VEMCO,VR2
ASF-Casc Estuary 1-VR2-3343-2007,3343,ManmadePlatform,ASF_ASF-Casc Estuary 1,VEMCO,VR2
ASF-Casc Estuary 2-VR2-1571-2005,1571,ManmadePlatform,ASF_ASF-Casc Estuary 2,VEMCO,VR2
ASF-Casc Estuary 2-VR2-2611-2006,2611,ManmadePlatform,ASF_ASF-Casc Estuary 2,VEMCO,VR2
ASF-Casc Estuary 2-VR2-3346-2007,3346,ManmadePlatform,ASF_ASF-Casc Estuary 2,VEMCO,VR2
ASF-Cass 1 2005-VR2-2603-2005,2603,ManmadePlatform,ASF_ASF-Cass 1 2005,VEMCO,VR2
ASF-Cass 1-VR2-1139-2009,1139,ManmadePlatform,ASF_ASF-Cass 1,VEMCO,VR2
ASF-Cass 2-VR2-3610-2005,3610,ManmadePlatform,ASF_ASF-Cass 2,VEMCO,VR2
ASF-Cassilis 2-VR2-1139-2007,1139,ManmadePlatform,ASF_ASF-Cassilis 2,VEMCO,VR2
ASF-CB10-VR2-5017-2009,5017,ManmadePlatform,ASF_ASF-CB10,VEMCO,VR2
ASF-CB10-VR2-5017-2010,5017,ManmadePlatform,ASF_ASF-CB10,VEMCO,VR2
ASF-CB11-VR2-5016-2009,5016,ManmadePlatform,ASF_ASF-CB11,VEMCO,VR2
ASF-CB11-VR2W-109526-2010,109526,ManmadePlatform,ASF_ASF-CB11,VEMCO,VR2W
ASF-CB12-VR2-5018-2009,5018,ManmadePlatform,ASF_ASF-CB12,VEMCO,VR2
ASF-CB12-VR2-5018-2010,5018,ManmadePlatform,ASF_ASF-CB12,VEMCO,VR2
ASF-CB13-VR2-5021-2009,5021,ManmadePlatform,ASF_ASF-CB13,VEMCO,VR2
ASF-CB13-VR2-5021-2010,5021,ManmadePlatform,ASF_ASF-CB13,VEMCO,VR2
ASF-CB14-VR2-5029-2010,5029,ManmadePlatform,ASF_ASF-CB14,VEMCO,VR2
ASF-CB15-VR2-5030-2009,5030,ManmadePlatform,ASF_ASF-CB15,VEMCO,VR2
ASF-CB15-VR2-5030-2010,5030,ManmadePlatform,ASF_ASF-CB15,VEMCO,VR2
ASF-CB16-VR2-5029-2009,5029,ManmadePlatform,ASF_ASF-CB16,VEMCO,VR2
ASF-CB16-VR2W-109519-2010,109519,ManmadePlatform,ASF_ASF-CB16,VEMCO,VR2W
ASF-CB17-VR2W-103123-2009,103123,ManmadePlatform,ASF_ASF-CB17,VEMCO,VR2W
ASF-CB17-VR2W-103123-2010,103123,ManmadePlatform,ASF_ASF-CB17,VEMCO,VR2W
ASF-CB18-VR2W-105401-2010,105401,ManmadePlatform,ASF_ASF-CB18,VEMCO,VR2W
ASF-CB19-VR2W-103125-2009,103125,ManmadePlatform,ASF_ASF-CB19,VEMCO,VR2W
ASF-CB1-VR2-4287-2009,4287,ManmadePlatform,ASF_ASF-CB1,VEMCO,VR2
ASF-CB1-VR2-4287-2010,4287,ManmadePlatform,ASF_ASF-CB1,VEMCO,VR2
ASF-Cassilis 2-VR2-1574-2006,1574,ManmadePlatform,ASF_ASF-Cassilis 2,VEMCO,VR2
ASF-CB20-VR2W-103982-2009,103982,ManmadePlatform,ASF_ASF-CB20,VEMCO,VR2W
ASF-CB21-VR2W-103135-2009,103135,ManmadePlatform,ASF_ASF-CB21,VEMCO,VR2W
ASF-CB21-VR2W-103135-2010,103135,ManmadePlatform,ASF_ASF-CB21,VEMCO,VR2W
ASF-CB22-VR2W-103136-2009,103136,ManmadePlatform,ASF_ASF-CB22,VEMCO,VR2W
ASF-CB22-VR2W-103136-2010,103136,ManmadePlatform,ASF_ASF-CB22,VEMCO,VR2W
ASF-CB23-VR2W-103137-2009,103137,ManmadePlatform,ASF_ASF-CB23,VEMCO,VR2W
ASF-CB23-VR2W-103137-2010,103137,ManmadePlatform,ASF_ASF-CB23,VEMCO,VR2W
ASF-CB24-VR2W-103140-2009,103140,ManmadePlatform,ASF_ASF-CB24,VEMCO,VR2W
ASF-CB24-VR2W-103140-2010,103140,ManmadePlatform,ASF_ASF-CB24,VEMCO,VR2W
ASF-CB25-VR2W-103120-2009,103120,ManmadePlatform,ASF_ASF-CB25,VEMCO,VR2W
ASF-CB25-VR2W-103120-2010,103120,ManmadePlatform,ASF_ASF-CB25,VEMCO,VR2W
ASF-CB26-VR2W-103139-2009,103139,ManmadePlatform,ASF_ASF-CB26,VEMCO,VR2W
ASF-CB20-VR2W-104380-2010,104380,ManmadePlatform,ASF_ASF-CB20,VEMCO,VR2W
ASF-CB28-VR2W-103119-2009,103119,ManmadePlatform,ASF_ASF-CB28,VEMCO,VR2W
ASF-CB29-VR2W-103121-2009,103121,ManmadePlatform,ASF_ASF-CB29,VEMCO,VR2W
ASF-CB29-VR2W-103121-2010,103121,ManmadePlatform,ASF_ASF-CB29,VEMCO,VR2W
ASF-CB2-VR2-4288-2009,4288,ManmadePlatform,ASF_ASF-CB2,VEMCO,VR2
ASF-CB2-VR2-4288-2010,4288,ManmadePlatform,ASF_ASF-CB2,VEMCO,VR2
ASF-CB3-VR2-4290-2009,4290,ManmadePlatform,ASF_ASF-CB3,VEMCO,VR2
ASF-CB3-VR2-4290-2010,4290,ManmadePlatform,ASF_ASF-CB3,VEMCO,VR2
ASF-CB4-VR2-4293-2010,4293,ManmadePlatform,ASF_ASF-CB4,VEMCO,VR2
ASF-CB5-VR2-4296-2009,4296,ManmadePlatform,ASF_ASF-CB5,VEMCO,VR2
ASF-CB5-VR2-4296-2010,4296,ManmadePlatform,ASF_ASF-CB5,VEMCO,VR2
ASF-CB6-VR2-4301-2009,4301,ManmadePlatform,ASF_ASF-CB6,VEMCO,VR2
ASF-CB6-VR2-4301-2010,4301,ManmadePlatform,ASF_ASF-CB6,VEMCO,VR2
ASF-CB7-VR2-4303-2009,4303,ManmadePlatform,ASF_ASF-CB7,VEMCO,VR2
ASF-CB9-VR2-4313-2009,4313,ManmadePlatform,ASF_ASF-CB9,VEMCO,VR2
ASF-Chaleur Bay 10-VR2-5018-2005,5018,ManmadePlatform,ASF_ASF-Chaleur Bay 10,VEMCO,VR2
ASF-Chaleur Bay 10-VR2-5018-2006,5018,ManmadePlatform,ASF_ASF-Chaleur Bay 10,VEMCO,VR2
ASF-Chaleur Bay 11-VR2-5019-2005,5019,ManmadePlatform,ASF_ASF-Chaleur Bay 11,VEMCO,VR2
ASF-Chaleur Bay 11-VR2-5019-2006,5019,ManmadePlatform,ASF_ASF-Chaleur Bay 11,VEMCO,VR2
ASF-Chaleur Bay 12-VR2-5021-2006,5021,ManmadePlatform,ASF_ASF-Chaleur Bay 12,VEMCO,VR2
ASF-Chaleur Bay 13-VR2-5022-2006,5022,ManmadePlatform,ASF_ASF-Chaleur Bay 13,VEMCO,VR2
ASF-Chaleur Bay 14-VR2-5022-2005,5022,ManmadePlatform,ASF_ASF-Chaleur Bay 14,VEMCO,VR2
ASF-Chaleur Bay 14-VR2-5023-2006,5023,ManmadePlatform,ASF_ASF-Chaleur Bay 14,VEMCO,VR2
ASF-Chaleur Bay 15-VR2-5023-2005,5023,ManmadePlatform,ASF_ASF-Chaleur Bay 15,VEMCO,VR2
ASF-Chaleur Bay 15-VR2-5024-2006,5024,ManmadePlatform,ASF_ASF-Chaleur Bay 15,VEMCO,VR2
ASF-Chaleur Bay 16-VR2-5024-2005,5024,ManmadePlatform,ASF_ASF-Chaleur Bay 16,VEMCO,VR2
ASF-Chaleur Bay 16-VR2-5025-2006,5025,ManmadePlatform,ASF_ASF-Chaleur Bay 16,VEMCO,VR2
ASF-Chaleur Bay 17-VR2-5025-2005,5025,ManmadePlatform,ASF_ASF-Chaleur Bay 17,VEMCO,VR2
ASF-Chaleur Bay 17-VR2-5027-2006,5027,ManmadePlatform,ASF_ASF-Chaleur Bay 17,VEMCO,VR2
ASF-Chaleur Bay 18-VR2-5028-2006,5028,ManmadePlatform,ASF_ASF-Chaleur Bay 18,VEMCO,VR2
ASF-Chaleur Bay 19-VR2-5027-2005,5027,ManmadePlatform,ASF_ASF-Chaleur Bay 19,VEMCO,VR2
ASF-Chaleur Bay 19-VR2-5029-2006,5029,ManmadePlatform,ASF_ASF-Chaleur Bay 19,VEMCO,VR2
ASF-Chaleur Bay 1-VR2-4316-2006,4316,ManmadePlatform,ASF_ASF-Chaleur Bay 1,VEMCO,VR2
ASF-Chaleur Bay 1-VR2-5009-2005,5009,ManmadePlatform,ASF_ASF-Chaleur Bay 1,VEMCO,VR2
ASF-Chaleur Bay 20-VR2-5028-2005,5028,ManmadePlatform,ASF_ASF-Chaleur Bay 20,VEMCO,VR2
ASF-Chaleur Bay 20-VR2-5030-2006,5030,ManmadePlatform,ASF_ASF-Chaleur Bay 20,VEMCO,VR2
ASF-Chaleur Bay 21-VR2-5029-2005,5029,ManmadePlatform,ASF_ASF-Chaleur Bay 21,VEMCO,VR2
ASF-Chaleur Bay 21-VR2-5031-2006,5031,ManmadePlatform,ASF_ASF-Chaleur Bay 21,VEMCO,VR2
ASF-Chaleur Bay 22-VR2-5030-2005,5030,ManmadePlatform,ASF_ASF-Chaleur Bay 22,VEMCO,VR2
ASF-Chaleur Bay 22-VR2-5032-2006,5032,ManmadePlatform,ASF_ASF-Chaleur Bay 22,VEMCO,VR2
ASF-Chaleur Bay 23-VR2-5031-2005,5031,ManmadePlatform,ASF_ASF-Chaleur Bay 23,VEMCO,VR2
ASF-Chaleur Bay 23-VR2-5033-2006,5033,ManmadePlatform,ASF_ASF-Chaleur Bay 23,VEMCO,VR2
ASF-Chaleur Bay 24-VR2-5032-2005,5032,ManmadePlatform,ASF_ASF-Chaleur Bay 24,VEMCO,VR2
ASF-Chaleur Bay 24-VR2-5034-2006,5034,ManmadePlatform,ASF_ASF-Chaleur Bay 24,VEMCO,VR2
ASF-Chaleur Bay 25-VR2-5033-2005,5033,ManmadePlatform,ASF_ASF-Chaleur Bay 25,VEMCO,VR2
ASF-Chaleur Bay 25-VR2-5035-2006,5035,ManmadePlatform,ASF_ASF-Chaleur Bay 25,VEMCO,VR2
ASF-Chaleur Bay 26-VR2-5034-2005,5034,ManmadePlatform,ASF_ASF-Chaleur Bay 26,VEMCO,VR2
ASF-Chaleur Bay 26-VR2-5036-2006,5036,ManmadePlatform,ASF_ASF-Chaleur Bay 26,VEMCO,VR2
ASF-Chaleur Bay 27-VR2-2594-2006,2594,ManmadePlatform,ASF_ASF-Chaleur Bay 27,VEMCO,VR2
ASF-Chaleur Bay 28-VR2-2595-2006,2595,ManmadePlatform,ASF_ASF-Chaleur Bay 28,VEMCO,VR2
ASF-Chaleur Bay 2-VR2-5009-2006,5009,ManmadePlatform,ASF_ASF-Chaleur Bay 2,VEMCO,VR2
ASF-Chaleur Bay 2-VR2-5010-2005,5010,ManmadePlatform,ASF_ASF-Chaleur Bay 2,VEMCO,VR2
ASF-Chaleur Bay 3-VR2-5010-2006,5010,ManmadePlatform,ASF_ASF-Chaleur Bay 3,VEMCO,VR2
ASF-Chaleur Bay 3-VR2-5011-2005,5011,ManmadePlatform,ASF_ASF-Chaleur Bay 3,VEMCO,VR2
ASF-Chaleur Bay 4-VR2-5011-2006,5011,ManmadePlatform,ASF_ASF-Chaleur Bay 4,VEMCO,VR2
ASF-Chaleur Bay 4-VR2-5012-2005,5012,ManmadePlatform,ASF_ASF-Chaleur Bay 4,VEMCO,VR2
ASF-Chaleur Bay 5-VR2-5012-2006,5012,ManmadePlatform,ASF_ASF-Chaleur Bay 5,VEMCO,VR2
ASF-Chaleur Bay 5-VR2-5013-2005,5013,ManmadePlatform,ASF_ASF-Chaleur Bay 5,VEMCO,VR2
ASF-Chaleur Bay 6-VR2-5013-2006,5013,ManmadePlatform,ASF_ASF-Chaleur Bay 6,VEMCO,VR2
ASF-Chaleur Bay 6-VR2-5014-2005,5014,ManmadePlatform,ASF_ASF-Chaleur Bay 6,VEMCO,VR2
ASF-Chaleur Bay 7REPLACE-VR2-3337-2006,3337,ManmadePlatform,ASF_ASF-Chaleur Bay 7REPLACE,VEMCO,VR2
ASF-Chaleur Bay 7-VR2-5014-2006,5014,ManmadePlatform,ASF_ASF-Chaleur Bay 7,VEMCO,VR2
ASF-Chaleur Bay 7-VR2-5015-2005,5015,ManmadePlatform,ASF_ASF-Chaleur Bay 7,VEMCO,VR2
ASF-Chaleur Bay 8-VR2-5015-2006,5015,ManmadePlatform,ASF_ASF-Chaleur Bay 8,VEMCO,VR2
ASF-Chaleur Bay 8-VR2-5016-2005,5016,ManmadePlatform,ASF_ASF-Chaleur Bay 8,VEMCO,VR2
ASF-Chaleur Bay 9-VR2-5016-2006,5016,ManmadePlatform,ASF_ASF-Chaleur Bay 9,VEMCO,VR2
ASF-Chaleur Bay 9-VR2-5017-2005,5017,ManmadePlatform,ASF_ASF-Chaleur Bay 9,VEMCO,VR2
ASF-CHBAY-10-VR2-4301-2007,4301,ManmadePlatform,ASF_ASF-CHBAY-10,VEMCO,VR2
ASF-CHBAY-11-VR2-4303-2007,4303,ManmadePlatform,ASF_ASF-CHBAY-11,VEMCO,VR2
ASF-CHBAY-12-VR2-4304-2007,4304,ManmadePlatform,ASF_ASF-CHBAY-12,VEMCO,VR2
ASF-CHBAY-13-VR2-4305-2007,4305,ManmadePlatform,ASF_ASF-CHBAY-13,VEMCO,VR2
ASF-CHBAY-14-VR2-4306-2007,4306,ManmadePlatform,ASF_ASF-CHBAY-14,VEMCO,VR2
ASF-CHBAY-15-VR2-4307-2007,4307,ManmadePlatform,ASF_ASF-CHBAY-15,VEMCO,VR2
ASF-CHBAY-16-VR2-4308-2007,4308,ManmadePlatform,ASF_ASF-CHBAY-16,VEMCO,VR2
ASF-CHBAY-17-VR2-4309-2007,4309,ManmadePlatform,ASF_ASF-CHBAY-17,VEMCO,VR2
ASF-CHBAY-18-VR2-4311-2007,4311,ManmadePlatform,ASF_ASF-CHBAY-18,VEMCO,VR2
ASF-CHBAY-19-VR2-4312-2007,4312,ManmadePlatform,ASF_ASF-CHBAY-19,VEMCO,VR2
ASF-CHBAY-1-VR2-4287-2007,4287,ManmadePlatform,ASF_ASF-CHBAY-1,VEMCO,VR2
ASF-CHBAY-20-VR2-4313-2007,4313,ManmadePlatform,ASF_ASF-CHBAY-20,VEMCO,VR2
ASF-CHBAY-21-VR2-4314-2007,4314,ManmadePlatform,ASF_ASF-CHBAY-21,VEMCO,VR2
ASF-CHBAY-22-VR2-4316-2007,4316,ManmadePlatform,ASF_ASF-CHBAY-22,VEMCO,VR2
ASF-CHBAY-23-VR2-5009-2007,5009,ManmadePlatform,ASF_ASF-CHBAY-23,VEMCO,VR2
ASF-CHBAY-24-VR2-5010-2007,5010,ManmadePlatform,ASF_ASF-CHBAY-24,VEMCO,VR2
ASF-CHBAY-25-VR2-5011-2007,5011,ManmadePlatform,ASF_ASF-CHBAY-25,VEMCO,VR2
ASF-CHBAY-26-VR2-5012-2007,5012,ManmadePlatform,ASF_ASF-CHBAY-26,VEMCO,VR2
ASF-CHBAY-27-VR2-5013-2007,5013,ManmadePlatform,ASF_ASF-CHBAY-27,VEMCO,VR2
ASF-CHBAY-28-VR2-5016-2007,5016,ManmadePlatform,ASF_ASF-CHBAY-28,VEMCO,VR2
ASF-CHBAY-29-VR2-5021-2007,5021,ManmadePlatform,ASF_ASF-CHBAY-29,VEMCO,VR2
ASF-CHBAY-2-VR2-4288-2007,4288,ManmadePlatform,ASF_ASF-CHBAY-2,VEMCO,VR2
ASF-CHBAY-3-VR2-4290-2007,4290,ManmadePlatform,ASF_ASF-CHBAY-3,VEMCO,VR2
ASF-CHBAY-4-VR2-4291-2007,4291,ManmadePlatform,ASF_ASF-CHBAY-4,VEMCO,VR2
ASF-CHBAY-5-VR2-4292-2007,4292,ManmadePlatform,ASF_ASF-CHBAY-5,VEMCO,VR2
ASF-CHBAY-6-VR2-4293-2007,4293,ManmadePlatform,ASF_ASF-CHBAY-6,VEMCO,VR2
ASF-CHBAY-7-VR2-5017-2007,5017,ManmadePlatform,ASF_ASF-CHBAY-7,VEMCO,VR2
ASF-CHBAY-9-VR2-4300-2007,4300,ManmadePlatform,ASF_ASF-CHBAY-9,VEMCO,VR2
ASF-Deforest-2010-VR2-2610-2010,2610,ManmadePlatform,ASF_ASF-Deforest-2010,VEMCO,VR2
ASF-DOUGLASTOWN 2-VR2-1112-2009,1112,ManmadePlatform,ASF_ASF-DOUGLASTOWN 2,VEMCO,VR2
JDF018-VR2-4169-293,4169,ManmadePlatform,JDF_JDF018,VEMCO,VR2
ASF-Down's Gulch-VR2-3353-2005,3353,ManmadePlatform,ASF_ASF-Down's Gulch,VEMCO,VR2
ASF-DoylesBr-VR2-3611-2005,3611,ManmadePlatform,ASF_ASF-DoylesBr,VEMCO,VR2
ASF-East end of Beaubear Island-Chatham Side-VR2-1618-2007,1618,ManmadePlatform,ASF_ASF-East end of Beaubear Island-Chatham Side,VEMCO,VR2
ASF-East end of Beaubear Island-Strawberry Marsh-VR2-1178-2006,1178,ManmadePlatform,ASF_ASF-East end of Beaubear Island-Strawberry Marsh,VEMCO,VR2
ASF-East end of Beaubear Island-Strawberry Marsh-VR2-1574-2007,1574,ManmadePlatform,ASF_ASF-East end of Beaubear Island-Strawberry Marsh,VEMCO,VR2
ASF-East Line E-VR2-2595-2009,2595,ManmadePlatform,ASF_ASF-East Line E,VEMCO,VR2
ASF-East Line F-VR2-1076-2009,1076,ManmadePlatform,ASF_ASF-East Line F,VEMCO,VR2
ASF-East Line G-VR2-2884-2009,2884,ManmadePlatform,ASF_ASF-East Line G,VEMCO,VR2
ASF-East Line H-VR2-2610-2009,2610,ManmadePlatform,ASF_ASF-East Line H,VEMCO,VR2
ASF-Eel Ground-VR2-1177-2009,1177,ManmadePlatform,ASF_ASF-Eel Ground,VEMCO,VR2
ASF-Eel Ground-VR2-1572-2006,1572,ManmadePlatform,ASF_ASF-Eel Ground,VEMCO,VR2
ASF-Estuary-2009-VR2-2581-2009,2581,ManmadePlatform,ASF_ASF-Estuary-2009,VEMCO,VR2
ASF-Estuary center-VR2-3355-2009,3355,ManmadePlatform,ASF_ASF-Estuary center,VEMCO,VR2
ASF-Estuary-VR2-3350-2007,3350,ManmadePlatform,ASF_ASF-Estuary,VEMCO,VR2
ASF-Guards Camp 1-VR2-3347-2007,3347,ManmadePlatform,ASF_ASF-Guards Camp 1,VEMCO,VR2
ASF-Guards Camp 1-VR2-3351-2008,3351,ManmadePlatform,ASF_ASF-Guards Camp 1,VEMCO,VR2
ASF-Guards Camp 1-VR2-3351-2009,3351,ManmadePlatform,ASF_ASF-Guards Camp 1,VEMCO,VR2
ASF-Guards Camp 1-VR2W-109394-2010,109394,ManmadePlatform,ASF_ASF-Guards Camp 1,VEMCO,VR2W
ASF-Gulf A-VR2W-109399-2010,109399,ManmadePlatform,ASF_ASF-Gulf A,VEMCO,VR2W
ASF-Gulf B-VR2W-109518-2010,109518,ManmadePlatform,ASF_ASF-Gulf B,VEMCO,VR2W
ASF-Gulf C-VR2-3337-2010,3337,ManmadePlatform,ASF_ASF-Gulf C,VEMCO,VR2
ASF-Gulf D-VR2W-109403-2010,109403,ManmadePlatform,ASF_ASF-Gulf D,VEMCO,VR2W
ASF-Gulf E-VR2W-106195-2010,106195,ManmadePlatform,ASF_ASF-Gulf E,VEMCO,VR2W
ASF-Gulf F-VR2W-109525-2010,109525,ManmadePlatform,ASF_ASF-Gulf F,VEMCO,VR2W
ASF-Gulf G-VR2W-109527-2010,109527,ManmadePlatform,ASF_ASF-Gulf G,VEMCO,VR2W
ASF-Gulf H-VR2W-105853-2010,105853,ManmadePlatform,ASF_ASF-Gulf H,VEMCO,VR2W
ASF-Gulf I-VR2W-100701-2010,100701,ManmadePlatform,ASF_ASF-Gulf I,VEMCO,VR2W
ASF-Gulf J-VR2W-104568-2010,104568,ManmadePlatform,ASF_ASF-Gulf J,VEMCO,VR2W
ASF-Gulf K-VR2W-109395-2010,109395,ManmadePlatform,ASF_ASF-Gulf K,VEMCO,VR2W
ASF-Gulf L-VR2W-109402-2010,109402,ManmadePlatform,ASF_ASF-Gulf L,VEMCO,VR2W
ASF-Gulf M-VR2W-109397-2010,109397,ManmadePlatform,ASF_ASF-Gulf M,VEMCO,VR2W
ASF-Gulf N-VR2W-109396-2010,109396,ManmadePlatform,ASF_ASF-Gulf N,VEMCO,VR2W
ASF-Gulf O-VR2W-109401-2010,109401,ManmadePlatform,ASF_ASF-Gulf O,VEMCO,VR2W
ASF-Head of Tide 1-VR2-2582-2006,2582,ManmadePlatform,ASF_ASF-Head of Tide 1,VEMCO,VR2
ASF-Head of Tide 1-VR2-2594-2005,2594,ManmadePlatform,ASF_ASF-Head of Tide 1,VEMCO,VR2
ASF-Head of Tide 2-VR2-2587-2006,2587,ManmadePlatform,ASF_ASF-Head of Tide 2,VEMCO,VR2
ASF-Head of Tide 2-VR2-2595-2005,2595,ManmadePlatform,ASF_ASF-Head of Tide 2,VEMCO,VR2
ASF-Head of Tide 2-VR2-3331-2007,3331,ManmadePlatform,ASF_ASF-Head of Tide 2,VEMCO,VR2
ASF-Head of Tide 3-VR2-2357-2007,2357,ManmadePlatform,ASF_ASF-Head of Tide 3,VEMCO,VR2
ASF-Head of Tide 3-VR2-2596-2005,2596,ManmadePlatform,ASF_ASF-Head of Tide 3,VEMCO,VR2
ASF-Head of Tide 4-VR2-2597-2005,2597,ManmadePlatform,ASF_ASF-Head of Tide 4,VEMCO,VR2
ASF-Head of Tide 5-VR2-2598-2005,2598,ManmadePlatform,ASF_ASF-Head of Tide 5,VEMCO,VR2
ASF-HG1-VR2-4297-2005,4297,ManmadePlatform,ASF_ASF-HG1,VEMCO,VR2
ASF-HG2-VR2-4298-2005,4298,ManmadePlatform,ASF_ASF-HG2,VEMCO,VR2
ASF-Neguac 2 2006-VR2-1921-2006,1921,ManmadePlatform,ASF_ASF-Neguac 2 2006,VEMCO,VR2
ASF-HOME POOL RUNNYMEDE-VR2-3341-2005,3341,ManmadePlatform,ASF_ASF-HOME POOL RUNNYMEDE,VEMCO,VR2
ASF-Huckleberry Gully 1-VR2-2360-2006,2360,ManmadePlatform,ASF_ASF-Huckleberry Gully 1,VEMCO,VR2
ASF-Huckleberry Gully 1-VR2-2606-2007,2606,ManmadePlatform,ASF_ASF-Huckleberry Gully 1,VEMCO,VR2
ASF-Huckleberry Gully 1-VR2-2606-2009,2606,ManmadePlatform,ASF_ASF-Huckleberry Gully 1,VEMCO,VR2
ASF-Huckleberry Gully 1-VR2-2607-2007,2607,ManmadePlatform,ASF_ASF-Huckleberry Gully 1,VEMCO,VR2
ASF-Huckleberry Gully 2-VR2-2581-2006,2581,ManmadePlatform,ASF_ASF-Huckleberry Gully 2,VEMCO,VR2
ASF-Huckleberry Gully 2-VR2-2607-2009,2607,ManmadePlatform,ASF_ASF-Huckleberry Gully 2,VEMCO,VR2
ASF-Huckleberry Gully 2-VR2-2607-2010,2607,ManmadePlatform,ASF_ASF-Huckleberry Gully 2,VEMCO,VR2
ASF-Inner Arc 1-2009-VR2-1014-2009,1014,ManmadePlatform,ASF_ASF-Inner Arc 1-2009,VEMCO,VR2
ASF-Inner Arc 1-2010-VR2W-105524-2010,105524,ManmadePlatform,ASF_ASF-Inner Arc 1-2010,VEMCO,VR2W
ASF-Inner Arc 2-2009-VR2-1018-2009,1018,ManmadePlatform,ASF_ASF-Inner Arc 2-2009,VEMCO,VR2
ASF-Inner Arc 2-2010-VR2W-106313-2010,106313,ManmadePlatform,ASF_ASF-Inner Arc 2-2010,VEMCO,VR2W
ASF-Inner Arc 3-2009-VR2-1091-2009,1091,ManmadePlatform,ASF_ASF-Inner Arc 3-2009,VEMCO,VR2
ASF-Inner Arc 3-2010-VR2-5031-2010,5031,ManmadePlatform,ASF_ASF-Inner Arc 3-2010,VEMCO,VR2
ASF-Inner Arc 4-2009-VR2-1077-2009,1077,ManmadePlatform,ASF_ASF-Inner Arc 4-2009,VEMCO,VR2
ASF-Inner Arc 4-2010-VR2-5027-2010,5027,ManmadePlatform,ASF_ASF-Inner Arc 4-2010,VEMCO,VR2
ASF-Inner Arc 5-2009-VR2-1013-2009,1013,ManmadePlatform,ASF_ASF-Inner Arc 5-2009,VEMCO,VR2
ASF-INSHORE OF BAY DU VIN ISLAND-VR2-2585-2009,2585,ManmadePlatform,ASF_ASF-INSHORE OF BAY DU VIN ISLAND,VEMCO,VR2
ASF-Jimmies Hole-VR2-1117-2007,1117,ManmadePlatform,ASF_ASF-Jimmies Hole,VEMCO,VR2
ASF-Jimmies Hole-VR2-2602-2006,2602,ManmadePlatform,ASF_ASF-Jimmies Hole,VEMCO,VR2
ASF-Kymenne-VR2-2602-2005,2602,ManmadePlatform,ASF_ASF-Kymenne,VEMCO,VR2
ASF-Lac castor-VR2-2273-2009,2273,ManmadePlatform,ASF_ASF-Lac castor,VEMCO,VR2
ASF-Lac castor-VR2-5034-2010,5034,ManmadePlatform,ASF_ASF-Lac castor,VEMCO,VR2
ASF-Landslide-VR2-2359-2009,2359,ManmadePlatform,ASF_ASF-Landslide,VEMCO,VR2
ASF-Landslide-VR2-5035-2010,5035,ManmadePlatform,ASF_ASF-Landslide,VEMCO,VR2
ASF-Larrys Gulch 1-VR2-2600-2006,2600,ManmadePlatform,ASF_ASF-Larrys Gulch 1,VEMCO,VR2
ASF-Larrys Gulch 1-VR2-3349-2005,3349,ManmadePlatform,ASF_ASF-Larrys Gulch 1,VEMCO,VR2
ASF-Larrys Gulch 2-VR2-3352-2005,3352,ManmadePlatform,ASF_ASF-Larrys Gulch 2,VEMCO,VR2
ASF-LOWER BB ISLAND 1-VR2-1574-2009,1574,ManmadePlatform,ASF_ASF-LOWER BB ISLAND 1,VEMCO,VR2
ASF-LOWER BB ISLAND 2-VR2-1618-2009,1618,ManmadePlatform,ASF_ASF-LOWER BB ISLAND 2,VEMCO,VR2
ASF-LSW1-VR2-2610-2005,2610,ManmadePlatform,ASF_ASF-LSW1,VEMCO,VR2
ASF-LSW-VR2-1565-2006,1565,ManmadePlatform,ASF_ASF-LSW,VEMCO,VR2
ASF-MATAPEDIA-HAYLEY'S POOL-VR2-2607-2006,2607,ManmadePlatform,ASF_ASF-MATAPEDIA-HAYLEY'S POOL,VEMCO,VR2
ASF-Matapedia-VR2-3359-2005,3359,ManmadePlatform,ASF_ASF-Matapedia,VEMCO,VR2
ASF-Meo-VR2-3347-2008,3347,ManmadePlatform,ASF_ASF-Meo,VEMCO,VR2
ASF-Meo-VR2-3347-2009,3347,ManmadePlatform,ASF_ASF-Meo,VEMCO,VR2
ASF-Meo-VR2-3347-2010,3347,ManmadePlatform,ASF_ASF-Meo,VEMCO,VR2
ASF-MIDDLE ISLAND 2 2009-VR2-1125-2009,1125,ManmadePlatform,ASF_ASF-MIDDLE ISLAND 2 2009,VEMCO,VR2
ASF-Mill1-VR2-2608-2005,2608,ManmadePlatform,ASF_ASF-Mill1,VEMCO,VR2
ASF-Mill2-VR2-2609-2005,2609,ManmadePlatform,ASF_ASF-Mill2,VEMCO,VR2
ASF-Millerton 1 2009-VR2-1119-2009,1119,ManmadePlatform,ASF_ASF-Millerton 1 2009,VEMCO,VR2
ASF-Millerton 1-VR2-1119-2007,1119,ManmadePlatform,ASF_ASF-Millerton 1,VEMCO,VR2
ASF-Millerton 1-VR2-1139-2006,1139,ManmadePlatform,ASF_ASF-Millerton 1,VEMCO,VR2
ASF-Millerton 2 2006-VR2-1166-2006,1166,ManmadePlatform,ASF_ASF-Millerton 2 2006,VEMCO,VR2
ASF-Millerton 2-VR2-1123-2009,1123,ManmadePlatform,ASF_ASF-Millerton 2,VEMCO,VR2
ASF-Millerton Trapnet-VR2-1123-2007,1123,ManmadePlatform,ASF_ASF-Millerton Trapnet,VEMCO,VR2
ASF-Million Dollar Pool-VR2-2599-2006,2599,ManmadePlatform,ASF_ASF-Million Dollar Pool,VEMCO,VR2
ASF-Million Dollar Pool-VR2-3346-2005,3346,ManmadePlatform,ASF_ASF-Million Dollar Pool,VEMCO,VR2
ASF-Million Dollar Pool-VR2-4296-2006,4296,ManmadePlatform,ASF_ASF-Million Dollar Pool,VEMCO,VR2
ASF-MILLSTREAM 1-VR2-1166-2009,1166,ManmadePlatform,ASF_ASF-MILLSTREAM 1,VEMCO,VR2
ASF-Millstream 2-VR2-1135-2006,1135,ManmadePlatform,ASF_ASF-Millstream 2,VEMCO,VR2
ASF-MILLSTREAM 2/Whitneyville-VR2-1172-2009,1172,ManmadePlatform,ASF_ASF-MILLSTREAM 2/Whitneyville,VEMCO,VR2
ASF-MILLSTREAM 2/Whitneyville-VR2-1571-2006,1571,ManmadePlatform,ASF_ASF-MILLSTREAM 2/Whitneyville,VEMCO,VR2
ASF-MILLSTREAM 3/Hackets Beach-VR2-1097-2009,1097,ManmadePlatform,ASF_ASF-MILLSTREAM 3/Hackets Beach,VEMCO,VR2
ASF-Miramichi Hayesville-VR2-1564-2006,1564,ManmadePlatform,ASF_ASF-Miramichi Hayesville,VEMCO,VR2
ASF-NEAR DOYLES BROOK-VR2-1149-2009,1149,ManmadePlatform,ASF_ASF-NEAR DOYLES BROOK,VEMCO,VR2
ASF-NEAR QUARRYVILLE HoT SW-VR2-1116-2009,1116,ManmadePlatform,ASF_ASF-NEAR QUARRYVILLE HoT SW,VEMCO,VR2
ASF-Neguac 1 2006-VR2-1917-2006,1917,ManmadePlatform,ASF_ASF-Neguac 1 2006,VEMCO,VR2
ASF-Neguac 2-VR2-2584-2009,2584,ManmadePlatform,ASF_ASF-Neguac 2,VEMCO,VR2
ASF-Neguac 2-VR2-2585-2010,2585,ManmadePlatform,ASF_ASF-Neguac 2,VEMCO,VR2
ASF-Neguac 3 2006-VR2-1573-2006,1573,ManmadePlatform,ASF_ASF-Neguac 3 2006,VEMCO,VR2
ASF-Neguac 3-VR2-2583-2009,2583,ManmadePlatform,ASF_ASF-Neguac 3,VEMCO,VR2
ASF-Neguac 3-VR2-2583-2010,2583,ManmadePlatform,ASF_ASF-Neguac 3,VEMCO,VR2
ASF-NORDIN 1 Downstream of Newcastle-VR2-1105-2009,1105,ManmadePlatform,ASF_ASF-NORDIN 1 Downstream of Newcastle,VEMCO,VR2
ASF-NORDIN 2 Downstream of Newcastle-VR2-1106-2009,1106,ManmadePlatform,ASF_ASF-NORDIN 2 Downstream of Newcastle,VEMCO,VR2
ASF-NORTH SHORE OF BAY-VR2-1228-2009,1228,ManmadePlatform,ASF_ASF-NORTH SHORE OF BAY,VEMCO,VR2
ASF-Northwest Miramichi 1-VR2-1166-2007,1166,ManmadePlatform,ASF_ASF-Northwest Miramichi 1,VEMCO,VR2
ASF-Northwest Miramichi 2-VR2-1177-2007,1177,ManmadePlatform,ASF_ASF-Northwest Miramichi 2,VEMCO,VR2
ASF-Northwest Miramichi 3-VR2-1172-2007,1172,ManmadePlatform,ASF_ASF-Northwest Miramichi 3,VEMCO,VR2
ASF-Outer Arc 10-2009-VR2-3352-2009,3352,ManmadePlatform,ASF_ASF-Outer Arc 10-2009,VEMCO,VR2
ASF-Outer Arc 11-2009-VR2-1009-2009,1009,ManmadePlatform,ASF_ASF-Outer Arc 11-2009,VEMCO,VR2
ASF-Outer Arc 12-2009-VR2-2587-2009,2587,ManmadePlatform,ASF_ASF-Outer Arc 12-2009,VEMCO,VR2
ASF-Outer Arc 5-2010-VR2W-103139-2010,103139,ManmadePlatform,ASF_ASF-Outer Arc 5-2010,VEMCO,VR2W
ASF-Outer Arc 6-2009-VR2-1178-2009,1178,ManmadePlatform,ASF_ASF-Outer Arc 6-2009,VEMCO,VR2
ASF-Outer Arc 6-2010-VR2W-104379-2010,104379,ManmadePlatform,ASF_ASF-Outer Arc 6-2010,VEMCO,VR2W
ASF-Outer Arc 7-2009-VR2-1075-2009,1075,ManmadePlatform,ASF_ASF-Outer Arc 7-2009,VEMCO,VR2
ASF-Outer Arc 7-2010-VR2-4304-2010,4304,ManmadePlatform,ASF_ASF-Outer Arc 7-2010,VEMCO,VR2
ASF-Outer Arc 8-2009-VR2-1026-2009,1026,ManmadePlatform,ASF_ASF-Outer Arc 8-2009,VEMCO,VR2
ASF-Outer Arc 8-2010-VR2W-104326-2010,104326,ManmadePlatform,ASF_ASF-Outer Arc 8-2010,VEMCO,VR2W
ASF-Outer Arc 9-2009-VR2-1086-2009,1086,ManmadePlatform,ASF_ASF-Outer Arc 9-2009,VEMCO,VR2
ASF-Outer Arc 9-2010-VR2-5032-2010,5032,ManmadePlatform,ASF_ASF-Outer Arc 9-2010,VEMCO,VR2
ASF-OUTSIDE OF BAY DU VIN ISLAND-VR2-2582-2009,2582,ManmadePlatform,ASF_ASF-OUTSIDE OF BAY DU VIN ISLAND,VEMCO,VR2
ASF-OXBOW-VR2-1125-2007,1125,ManmadePlatform,ASF_ASF-OXBOW,VEMCO,VR2
ASF-PG1-VR2-4287-2005,4287,ManmadePlatform,ASF_ASF-PG1,VEMCO,VR2
ASF-PG2-VR2-4288-2005,4288,ManmadePlatform,ASF_ASF-PG2,VEMCO,VR2
ASF-PG3-VR2-4289-2005,4289,ManmadePlatform,ASF_ASF-PG3,VEMCO,VR2
ASF-PG4-VR2-4290-2005,4290,ManmadePlatform,ASF_ASF-PG4,VEMCO,VR2
ASF-PI1-VR2-4291-2005,4291,ManmadePlatform,ASF_ASF-PI1,VEMCO,VR2
ASF-PI2-VR2-4292-2005,4292,ManmadePlatform,ASF_ASF-PI2,VEMCO,VR2
ASF-PI3-VR2-4293-2005,4293,ManmadePlatform,ASF_ASF-PI3,VEMCO,VR2
ASF-PI4-VR2-4294-2005,4294,ManmadePlatform,ASF_ASF-PI4,VEMCO,VR2
ASF-PI5-VR2-4295-2005,4295,ManmadePlatform,ASF_ASF-PI5,VEMCO,VR2
ASF-PI6-VR2-4296-2005,4296,ManmadePlatform,ASF_ASF-PI6,VEMCO,VR2
ASF-Point du Jour Camp-VR2-1128-2007,1128,ManmadePlatform,ASF_ASF-Point du Jour Camp,VEMCO,VR2
ASF-Point du Jour Camp-VR2-2598-2006,2598,ManmadePlatform,ASF_ASF-Point du Jour Camp,VEMCO,VR2
ASF-Point du Jour Camp-VR2-3350-2005,3350,ManmadePlatform,ASF_ASF-Point du Jour Camp,VEMCO,VR2
ASF-Ponds Resort- Bridge 1-VR2-1116-2007,1116,ManmadePlatform,ASF_ASF-Ponds Resort- Bridge 1,VEMCO,VR2
ASF-Ponds Resort- Bridge 2-VR2-1118-2007,1118,ManmadePlatform,ASF_ASF-Ponds Resort- Bridge 2,VEMCO,VR2
ASF-Portage Gully 1-VR2-2582-2007,2582,ManmadePlatform,ASF_ASF-Portage Gully 1,VEMCO,VR2
ASF-Portage Gully 2-VR2-2595-2007,2595,ManmadePlatform,ASF_ASF-Portage Gully 2,VEMCO,VR2
ASF-Portage Is 2-VR2-2598-2009,2598,ManmadePlatform,ASF_ASF-Portage Is 2,VEMCO,VR2
ASF-Portage Is 2-VR2-2598-2010,2598,ManmadePlatform,ASF_ASF-Portage Is 2,VEMCO,VR2
ASF-Portage Is 3-VR2-2599-2009,2599,ManmadePlatform,ASF_ASF-Portage Is 3,VEMCO,VR2
ASF-Portage Is 3-VR2-2599-2010,2599,ManmadePlatform,ASF_ASF-Portage Is 3,VEMCO,VR2
ASF-Portage Is 4-VR2-2600-2009,2600,ManmadePlatform,ASF_ASF-Portage Is 4,VEMCO,VR2
ASF-Portage Is 4-VR2-2600-2010,2600,ManmadePlatform,ASF_ASF-Portage Is 4,VEMCO,VR2
ASF-Portage Is 5-VR2-2605-2009,2605,ManmadePlatform,ASF_ASF-Portage Is 5,VEMCO,VR2
ASF-Portage Is 5-VR2-2605-2010,2605,ManmadePlatform,ASF_ASF-Portage Is 5,VEMCO,VR2
ASF-Portage Is 6 MB-VR2-2603-2010,2603,ManmadePlatform,ASF_ASF-Portage Is 6 MB,VEMCO,VR2
ASF-Portage Is 6-VR2-2603-2009,2603,ManmadePlatform,ASF_ASF-Portage Is 6,VEMCO,VR2
ASF-Portage Island 1-VR2-2267-2006,2267,ManmadePlatform,ASF_ASF-Portage Island 1,VEMCO,VR2
ASF-Portage Island 1-VR2-2596-2007,2596,ManmadePlatform,ASF_ASF-Portage Island 1,VEMCO,VR2
ASF-Portage Island 1-VR2-2596-2009,2596,ManmadePlatform,ASF_ASF-Portage Island 1,VEMCO,VR2
ASF-Portage Island 2-VR2-2268-2006,2268,ManmadePlatform,ASF_ASF-Portage Island 2,VEMCO,VR2
ASF-Portage Island 2-VR2-2598-2007,2598,ManmadePlatform,ASF_ASF-Portage Island 2,VEMCO,VR2
ASF-Portage Island 3-VR2-2272-2006,2272,ManmadePlatform,ASF_ASF-Portage Island 3,VEMCO,VR2
ASF-Portage Island 3-VR2-2599-2007,2599,ManmadePlatform,ASF_ASF-Portage Island 3,VEMCO,VR2
ASF-Portage Island 4-VR2-2273-2006,2273,ManmadePlatform,ASF_ASF-Portage Island 4,VEMCO,VR2
ASF-Portage Island 4-VR2-2600-2007,2600,ManmadePlatform,ASF_ASF-Portage Island 4,VEMCO,VR2
ASF-Portage Island 5-VR2-2358-2006,2358,ManmadePlatform,ASF_ASF-Portage Island 5,VEMCO,VR2
ASF-Portage Island 5-VR2-2602-2007,2602,ManmadePlatform,ASF_ASF-Portage Island 5,VEMCO,VR2
ASF-Portage Island 6-VR2-2359-2006,2359,ManmadePlatform,ASF_ASF-Portage Island 6,VEMCO,VR2
ASF-Portage Island 6-VR2-2603-2007,2603,ManmadePlatform,ASF_ASF-Portage Island 6,VEMCO,VR2
ASF-Portage-VR2-1144-2007,1144,ManmadePlatform,ASF_ASF-Portage,VEMCO,VR2
ASF-Portage-VR2-1144-2008,1144,ManmadePlatform,ASF_ASF-Portage,VEMCO,VR2
ASF-Portage-VR2-2595-2007,2595,ManmadePlatform,ASF_ASF-Portage,VEMCO,VR2
ASF-Portage-VR2-3350-2009,3350,ManmadePlatform,ASF_ASF-Portage,VEMCO,VR2
ASF-Portage-VR2-3356-2009,3356,ManmadePlatform,ASF_ASF-Portage,VEMCO,VR2
JDF019-VR2-4151-740,4151,ManmadePlatform,JDF_JDF019,VEMCO,VR2
ASF-Portage-VR2-3611-2007,3611,ManmadePlatform,ASF_ASF-Portage,VEMCO,VR2
ASF-Portage-VR2W-109398-2010,109398,ManmadePlatform,ASF_ASF-Portage,VEMCO,VR2W
ASF-Portage-VR2W-109399-2010,109399,ManmadePlatform,ASF_ASF-Portage,VEMCO,VR2W
ASF-Quarryville-VR2-1116-2010,1116,ManmadePlatform,ASF_ASF-Quarryville,VEMCO,VR2
ASF-Red Rock-VR2-2595-2010,2595,ManmadePlatform,ASF_ASF-Red Rock,VEMCO,VR2
ASF-Red Rock-VR2-3349-2007,3349,ManmadePlatform,ASF_ASF-Red Rock,VEMCO,VR2
ASF-Red Rock-VR2-3349-2008,3349,ManmadePlatform,ASF_ASF-Red Rock,VEMCO,VR2
ASF-Red Rock-VR2-3349-2009,3349,ManmadePlatform,ASF_ASF-Red Rock,VEMCO,VR2
ASF-Red Rock-VR2W-109518-2010,109518,ManmadePlatform,ASF_ASF-Red Rock,VEMCO,VR2W
ASF-Rest 1-VR2-1170-2009,1170,ManmadePlatform,ASF_ASF-Rest 1,VEMCO,VR2
ASF-Rest 1-VR2-1170-2010,1170,ManmadePlatform,ASF_ASF-Rest 1,VEMCO,VR2
ASF-Rest 2-VR2-1175-2010,1175,ManmadePlatform,ASF_ASF-Rest 2,VEMCO,VR2
ASF-Rest 2-VR2-3336-2009,3336,ManmadePlatform,ASF_ASF-Rest 2,VEMCO,VR2
ASF-Rest 3-VR2-1175-2009,1175,ManmadePlatform,ASF_ASF-Rest 3,VEMCO,VR2
ASF-Rest 3-VR2-3336-2010,3336,ManmadePlatform,ASF_ASF-Rest 3,VEMCO,VR2
ASF-Ristigouche Salmon Club-VR2-2608-2005,2608,ManmadePlatform,ASF_ASF-Ristigouche Salmon Club,VEMCO,VR2
ASF-Sheldrake Island 1-VR2-1157-2009,1157,ManmadePlatform,ASF_ASF-Sheldrake Island 1,VEMCO,VR2
ASF-Sheldrake Island 2-VR2-1159-2009,1159,ManmadePlatform,ASF_ASF-Sheldrake Island 2,VEMCO,VR2
ASF-SI1-VR2-1563-2006,1563,ManmadePlatform,ASF_ASF-SI1,VEMCO,VR2
ASF-SI1-VR2-2360-2007,2360,ManmadePlatform,ASF_ASF-SI1,VEMCO,VR2
ASF-SI1-VR2-4299-2005,4299,ManmadePlatform,ASF_ASF-SI1,VEMCO,VR2
ASF-SI2-VR2-1562-2006,1562,ManmadePlatform,ASF_ASF-SI2,VEMCO,VR2
ASF-SI2-VR2-2267-2007,2267,ManmadePlatform,ASF_ASF-SI2,VEMCO,VR2
ASF-SI2-VR2-4300-2005,4300,ManmadePlatform,ASF_ASF-SI2,VEMCO,VR2
ASF-Stewart Brook-VR2-1007-2006,1007,ManmadePlatform,ASF_ASF-Stewart Brook,VEMCO,VR2
ASF-Suth BR-VR2-2612-2005,2612,ManmadePlatform,ASF_ASF-Suth BR,VEMCO,VR2
ASF-UPMKymenne-NW-VR2-1556-2006,1556,ManmadePlatform,ASF_ASF-UPMKymenne-NW,VEMCO,VR2
ASF-UPMKymenne-NW-VR2-1562-2007,1562,ManmadePlatform,ASF_ASF-UPMKymenne-NW,VEMCO,VR2
ASF-UPM-VR2-1562-2009,1562,ManmadePlatform,ASF_ASF-UPM,VEMCO,VR2
ASF-UPPER BB ISLAND-VR2-1565-2009,1565,ManmadePlatform,ASF_ASF-UPPER BB ISLAND,VEMCO,VR2
ASF-Upper Beaubear Island SW-VR2-1172-2006,1172,ManmadePlatform,ASF_ASF-Upper Beaubear Island SW,VEMCO,VR2
ASF-Cascapedia 2-VR2W-113163-2013,113163,ManmadePlatform,ASF_ASF-Cascapedia 2,VEMCO,VR2W
ASF-Above Falls-VR2-5027-2011,5027,ManmadePlatform,ASF_ASF-Above Falls,VEMCO,VR2
ASF-Below Falls-VR2-4290-2011,4290,ManmadePlatform,ASF_ASF-Below Falls,VEMCO,VR2
ASF-Portage-VR2W-106609-2011,106609,ManmadePlatform,ASF_ASF-Portage,VEMCO,VR2W
ASF-Red Bank-VR2W-102644-2013,102644,ManmadePlatform,ASF_ASF-Red Bank,VEMCO,VR2W
ASF-Parks Landing-VR2W-102648-2013,102648,ManmadePlatform,ASF_ASF-Parks Landing,VEMCO,VR2W
ASF-Millstream-VR2W-113169-2013,113169,ManmadePlatform,ASF_ASF-Millstream,VEMCO,VR2W
ASF-Eel Ground-VR2W-113171-2013,113171,ManmadePlatform,ASF_ASF-Eel Ground,VEMCO,VR2W
ASF-Millerton-VR2W-109522-2013,109522,ManmadePlatform,ASF_ASF-Millerton,VEMCO,VR2W
ASF-Millerton-MiniLogger-5626J-2013,5626J,ManmadePlatform,ASF_ASF-Millerton,VEMCO,MiniLogger
ASF-Enclosure-VR2W-113170-2013,113170,ManmadePlatform,ASF_ASF-Enclosure,VEMCO,VR2W
ASF-Nelson-VR2W-113166-2013,113166,ManmadePlatform,ASF_ASF-Nelson,VEMCO,VR2W
ASF-Loggieville-VR2W-120000-2013,120000,ManmadePlatform,ASF_ASF-Loggieville,VEMCO,VR2W
ASF-Loggieville-MiniLogger-5798J-2013,5798J,ManmadePlatform,ASF_ASF-Loggieville,VEMCO,MiniLogger
ASF-Dal 2-VR2W-113169-2013,113169,ManmadePlatform,ASF_ASF-Dal 2,VEMCO,VR2W
ASF-Dal 1-VR2W-120003-2013,120003,ManmadePlatform,ASF_ASF-Dal 1,VEMCO,VR2W
ASF-Huckleberry 2-VR2W-113165-2013,113165,ManmadePlatform,ASF_ASF-Huckleberry 2,VEMCO,VR2W
ASF-Neguac 2-VR2W-104568-2013,104568,ManmadePlatform,ASF_ASF-Neguac 2,VEMCO,VR2W
ASF-Neguac 3-VR2W-103139-2013,103139,ManmadePlatform,ASF_ASF-Neguac 3,VEMCO,VR2W
ASF-N. Portage 3-VR2W-109394-2013,109394,ManmadePlatform,ASF_ASF-N. Portage 3,VEMCO,VR2W
ASF-S. Portage 3-VR2W-104379-2013,104379,ManmadePlatform,ASF_ASF-S. Portage 3,VEMCO,VR2W
ASF-CB1-VR2W-109519-2013,109519,ManmadePlatform,ASF_ASF-CB1,VEMCO,VR2W
ASF-CB2-VR2W-109396-2013,109396,ManmadePlatform,ASF_ASF-CB2,VEMCO,VR2W
ASF-CB3-VR2W-109400-2013,109400,ManmadePlatform,ASF_ASF-CB3,VEMCO,VR2W
ASF-CB3-Minilogger-5615J-2013,Minilogger-5615J,ManmadePlatform,ASF_ASF-CB3,VEMCO,MiniLogger
ASF-CB4-VR2W-106195-2013,106195,ManmadePlatform,ASF_ASF-CB4,VEMCO,VR2W
ASF-CB5-VR2W-105403-2013,105403,ManmadePlatform,ASF_ASF-CB5,VEMCO,VR2W
ASF-CB6-VR2W-120014-2013,120014,ManmadePlatform,ASF_ASF-CB6,VEMCO,VR2W
ASF-CB8-VR2W-120033-2013,120033,ManmadePlatform,ASF_ASF-CB8,VEMCO,VR2W
ASF-CB9-VR2W-120032-2013,120032,ManmadePlatform,ASF_ASF-CB9,VEMCO,VR2W
ASF-French Fort cove-VR2W-120009-2013,120009,ManmadePlatform,ASF_ASF-French Fort cove,VEMCO,VR2W
ASF-Huckleberry Gully 1-VR2W-113164-2013,113164,ManmadePlatform,ASF_ASF-Huckleberry Gully 1,VEMCO,VR2W
ASF-Chatam-VR2W-105400-2013,105400,ManmadePlatform,ASF_ASF-Chatam,VEMCO,VR2W
ASF-Hacket's Beach-VR2W-113167-2013,113167,ManmadePlatform,ASF_ASF-Hacket's Beach,VEMCO,VR2W
ASF-CB10-VR2W-109395-2013,109395,ManmadePlatform,ASF_ASF-CB10,VEMCO,VR2W
ASF-CB11-VR2W-120035-2013,120035,ManmadePlatform,ASF_ASF-CB11,VEMCO,VR2W
ASF-CB12-VR2W-120012-2013,120012,ManmadePlatform,ASF_ASF-CB12,VEMCO,VR2W
ASF-CB15-VR2W-120015-2013,120015,ManmadePlatform,ASF_ASF-CB15,VEMCO,VR2W
ASF-CB16-VR2W-119975-2013,119975,ManmadePlatform,ASF_ASF-CB16,VEMCO,VR2W
ASF-CB17-VR2W-120029-2013,120029,ManmadePlatform,ASF_ASF-CB17,VEMCO,VR2W
ASF-CB19-VR2W-120024-2013,120024,ManmadePlatform,ASF_ASF-CB19,VEMCO,VR2W
ASF-CB20-VR2W-120025-2013,120025,ManmadePlatform,ASF_ASF-CB20,VEMCO,VR2W
ASF-CB21-VR2W-120017-2013,120017,ManmadePlatform,ASF_ASF-CB21,VEMCO,VR2W
ASF-CB22-VR2W-120031-2013,120031,ManmadePlatform,ASF_ASF-CB22,VEMCO,VR2W
ASF-CB23-VR2W-103140-2013,103140,ManmadePlatform,ASF_ASF-CB23,VEMCO,VR2W
ASF-CB24-VR2W-120026-2013,120026,ManmadePlatform,ASF_ASF-CB24,VEMCO,VR2W
ASF-CB25-VR2W-109524-2013,109524,ManmadePlatform,ASF_ASF-CB25,VEMCO,VR2W
ASF-CB25-Minilogger-5614J-2013,Minilogger-5614J,ManmadePlatform,ASF_ASF-CB25,VEMCO,MiniLogger
ASF-CB26-VR2W-113153-2013,113153,ManmadePlatform,ASF_ASF-CB26,VEMCO,VR2W
ASF-CB27-VR2W-120030-2013,120030,ManmadePlatform,ASF_ASF-CB27,VEMCO,VR2W
ASF-CB28-VR2W-120028-2013,120028,ManmadePlatform,ASF_ASF-CB28,VEMCO,VR2W
ASF-Rest 1-VR2W-119977-2013,119977,ManmadePlatform,ASF_ASF-Rest 1,VEMCO,VR2W
ASF-Rest 2-VR2W-111250-2013,111250,ManmadePlatform,ASF_ASF-Rest 2,VEMCO,VR2W
ASF-Rest 2-Minilogger-5800J-2013,Minilogger-5800J,ManmadePlatform,ASF_ASF-Rest 2,VEMCO,MiniLogger
ASF-Rest 3-VR2W-113161-2013,113161,ManmadePlatform,ASF_ASF-Rest 3,VEMCO,VR2W
ASF-Rest Bridge 1-VR2W-120020-2013,120020,ManmadePlatform,ASF_ASF-Rest Bridge 1,VEMCO,VR2W
ASF-Rest Bridge 2-VR2W-120021-2013,120021,ManmadePlatform,ASF_ASF-Rest Bridge 2,VEMCO,VR2W
ASF-Rest Bridge 3-VR2W-120022-2013,120022,ManmadePlatform,ASF_ASF-Rest Bridge 3,VEMCO,VR2W
ASF-Dal 1-VR2W-120011-2013,120011,ManmadePlatform,ASF_ASF-Dal 1,VEMCO,VR2W
ASF-Dal 2-VR2W-120001-2013,120001,ManmadePlatform,ASF_ASF-Dal 2,VEMCO,VR2W
ASF-Dal 3-VR2W-120016-2013,120016,ManmadePlatform,ASF_ASF-Dal 3,VEMCO,VR2W
ASF-Pt a la Garde-VR2W-120010-2013,120010,ManmadePlatform,ASF_ASF-Pt a la Garde,VEMCO,VR2W
ASF-Dal Junction-VR2W-120002-2013,120002,ManmadePlatform,ASF_ASF-Dal Junction,VEMCO,VR2W
ASF-Rest Upper-VR2W-113168-2013,113168,ManmadePlatform,ASF_ASF-Rest Upper,VEMCO,VR2W
ASF-Rest Lower-VR2W-108611-2013,108611,ManmadePlatform,ASF_ASF-Rest Lower,VEMCO,VR2W
ASF-Cascapedia 1-VR2W-113162-2013,113162,ManmadePlatform,ASF_ASF-Cascapedia 1,VEMCO,VR2W
ASF-Cascapedia 2-Minilogger-88454-2013,Minilogger-88454,ManmadePlatform,ASF_ASF-Cascapedia 2,VEMCO,MiniLogger
ASF-Barnaby Isand-VR2W-113157-2013,113157,ManmadePlatform,ASF_ASF-Barnaby Isand,VEMCO,VR2W
ASF-Cassilis 2-VR2W-109398-2013,109398,ManmadePlatform,ASF_ASF-Cassilis 2,VEMCO,VR2W
ASF-Middle Is.-VR2W-105399-2013,105399,ManmadePlatform,ASF_ASF-Middle Is.,VEMCO,VR2W
ASF-2014 Dal Junction 1-VR2W-120002-2014,120002,ManmadePlatform,ASF_ASF-2014 Dal Junction 1,VEMCO,VR2W
ASF-2014 Dal Junction 2-VR2W-120010-2014,120010,ManmadePlatform,ASF_ASF-2014 Dal Junction 2,VEMCO,VR2W
ASF-2014 Doyle's-VR2W-105401-2014,105401,ManmadePlatform,ASF_ASF-2014 Doyle's,VEMCO,VR2W
ASF-2014 REST 1-VR2W-119977-2014,119977,ManmadePlatform,ASF_ASF-2014 REST 1,VEMCO,VR2W
ASF-2014 REST 2-VR2W-111250-2014,111250,ManmadePlatform,ASF_ASF-2014 REST 2,VEMCO,VR2W
ASF-2014 REST 3-VR2W-113161-2014,113161,ManmadePlatform,ASF_ASF-2014 REST 3,VEMCO,VR2W
ASF-2014 REST 4-VR2W-120020-2014,120020,ManmadePlatform,ASF_ASF-2014 REST 4,VEMCO,VR2W
ASF-2014 REST 5-VR2W-120021-2014,120021,ManmadePlatform,ASF_ASF-2014 REST 5,VEMCO,VR2W
ASF-2014 REST 6-VR2W-120022-2014,120022,ManmadePlatform,ASF_ASF-2014 REST 6,VEMCO,VR2W
ASF-Cassilis 2-VR2W-113155-2014,113155,ManmadePlatform,ASF_ASF-Cassilis 2,VEMCO,VR2W
ASF-CB10-VR2W-109395-2014,109395,ManmadePlatform,ASF_ASF-CB10,VEMCO,VR2W
ASF-CB11-VR2W-120012-2014,120012,ManmadePlatform,ASF_ASF-CB11,VEMCO,VR2W
ASF-CB12-VR2W-120035-2014,120035,ManmadePlatform,ASF_ASF-CB12,VEMCO,VR2W
ASF-CB13-VR2W-113157-2014,113157,ManmadePlatform,ASF_ASF-CB13,VEMCO,VR2W
ASF-CB14-VR2W-120013-2014,120013,ManmadePlatform,ASF_ASF-CB14,VEMCO,VR2W
ASF-CB15-VR2W-120029-2014,120029,ManmadePlatform,ASF_ASF-CB15,VEMCO,VR2W
ASF-CB16-VR2W-120015-2014,120015,ManmadePlatform,ASF_ASF-CB16,VEMCO,VR2W
ASF-CB17-VR2W-120024-2014,120024,ManmadePlatform,ASF_ASF-CB17,VEMCO,VR2W
ASF-CB18-VR2W-120025-2014,120025,ManmadePlatform,ASF_ASF-CB18,VEMCO,VR2W
ASF-CB19-VR2W-120017-2014,120017,ManmadePlatform,ASF_ASF-CB19,VEMCO,VR2W
ASF-CB1-VR2W-109519-2014,109519,ManmadePlatform,ASF_ASF-CB1,VEMCO,VR2W
ASF-CB1-VR2W-120025-2014,120025,ManmadePlatform,ASF_ASF-CB1,VEMCO,VR2W
ASF-CB21-VR2W-119975-2014,119975,ManmadePlatform,ASF_ASF-CB21,VEMCO,VR2W
ASF-CB22-VR2W-120031-2014,120031,ManmadePlatform,ASF_ASF-CB22,VEMCO,VR2W
ASF-CB23-VR2W-103140-2014,103140,ManmadePlatform,ASF_ASF-CB23,VEMCO,VR2W
ASF-CB24-VR2W-120026-2014,120026,ManmadePlatform,ASF_ASF-CB24,VEMCO,VR2W
ASF-CB25-VR2W-109524-2014,109524,ManmadePlatform,ASF_ASF-CB25,VEMCO,VR2W
ASF-CB26-VR2W-113153-2014,113153,ManmadePlatform,ASF_ASF-CB26,VEMCO,VR2W
ASF-Cascapedia 2-VR2W-108611-2014,108611,ManmadePlatform,ASF_ASF-Cascapedia 2,VEMCO,VR2W
ASF-CB27-VR2W-120030-2014,120030,ManmadePlatform,ASF_ASF-CB27,VEMCO,VR2W
ASF-CB2-VR2W-106195-2014,106195,ManmadePlatform,ASF_ASF-CB2,VEMCO,VR2W
ASF-CB2-VR2W-109396-2014,109396,ManmadePlatform,ASF_ASF-CB2,VEMCO,VR2W
ASF-CB3-VR2W-109396-2014,109396,ManmadePlatform,ASF_ASF-CB3,VEMCO,VR2W
ASF-CB3-VR2W-109400-2014,109400,ManmadePlatform,ASF_ASF-CB3,VEMCO,VR2W
ASF-CB4-VR2W-106195-2014,106195,ManmadePlatform,ASF_ASF-CB4,VEMCO,VR2W
ASF-CB4-VR2W-120014-2014,120014,ManmadePlatform,ASF_ASF-CB4,VEMCO,VR2W
ASF-CB5-VR2W-105403-2014,105403,ManmadePlatform,ASF_ASF-CB5,VEMCO,VR2W
ASF-CB6-VR2W-120014-2014,120014,ManmadePlatform,ASF_ASF-CB6,VEMCO,VR2W
ASF-CB7-VR2W-120003-2014,120003,ManmadePlatform,ASF_ASF-CB7,VEMCO,VR2W
ASF-CB8-VR2W-120033-2014,120033,ManmadePlatform,ASF_ASF-CB8,VEMCO,VR2W
ASF-CB9-VR2W-120032-2014,120032,ManmadePlatform,ASF_ASF-CB9,VEMCO,VR2W
ASF-Chatam-VR2W-120000-2014,120000,ManmadePlatform,ASF_ASF-Chatam,VEMCO,VR2W
ASF-Dal 1-VR2W-105402-2014,105402,ManmadePlatform,ASF_ASF-Dal 1,VEMCO,VR2W
ASF-Dal 1-VR2W-120011-2014,120011,ManmadePlatform,ASF_ASF-Dal 1,VEMCO,VR2W
ASF-Dal 2-VR2W-120016-2014,120016,ManmadePlatform,ASF_ASF-Dal 2,VEMCO,VR2W
ASF-Dal 2-VR2W-124885-2014,124885,ManmadePlatform,ASF_ASF-Dal 2,VEMCO,VR2W
ASF-Dal 3-VR2W-105401-2014,105401,ManmadePlatform,ASF_ASF-Dal 3,VEMCO,VR2W
ASF-Dal 3-VR2W-120001-2014,120001,ManmadePlatform,ASF_ASF-Dal 3,VEMCO,VR2W
ASF-Eel Ground-VR2W-113167-2014,113167,ManmadePlatform,ASF_ASF-Eel Ground,VEMCO,VR2W
ASF-Enclosure-VR2W-120007-2014,120007,ManmadePlatform,ASF_ASF-Enclosure,VEMCO,VR2W
ASF-French Fort cove-VR2W-113171-2014,113171,ManmadePlatform,ASF_ASF-French Fort cove,VEMCO,VR2W
ASF-Hacket's Beach-VR2W-113166-2014,113166,ManmadePlatform,ASF_ASF-Hacket's Beach,VEMCO,VR2W
ASF-Huckleberry Gully 1-VR2W-113164-2014,113164,ManmadePlatform,ASF_ASF-Huckleberry Gully 1,VEMCO,VR2W
ASF-Huckleberry Gully 2-VR2W-113165-2014,113165,ManmadePlatform,ASF_ASF-Huckleberry Gully 2,VEMCO,VR2W
ASF-Loggieville-VR2W-120009-2014,120009,ManmadePlatform,ASF_ASF-Loggieville,VEMCO,VR2W
ASF-Middle Is.-VR2W-120004-2014,120004,ManmadePlatform,ASF_ASF-Middle Is.,VEMCO,VR2W
ASF-Millerton-VR2W-120005-2014,120005,ManmadePlatform,ASF_ASF-Millerton,VEMCO,VR2W
ASF-Millstream-VR2W-106609-2014,106609,ManmadePlatform,ASF_ASF-Millstream,VEMCO,VR2W
ASF-Neguac 2-VR2W-104568-2014,104568,ManmadePlatform,ASF_ASF-Neguac 2,VEMCO,VR2W
ASF-Nelson-VR2W-113170-2014,113170,ManmadePlatform,ASF_ASF-Nelson,VEMCO,VR2W
ASF-N. Portage 1-VR2W-108610-2014,108610,ManmadePlatform,ASF_ASF-N. Portage 1,VEMCO,VR2W
ASF-N. Portage 2-VR2W-108612-2014,108612,ManmadePlatform,ASF_ASF-N. Portage 2,VEMCO,VR2W
ASF-N. Portage 3-VR2W-108613-2014,108613,ManmadePlatform,ASF_ASF-N. Portage 3,VEMCO,VR2W
ASF-Parks Landing-VR2W-109522-2014,109522,ManmadePlatform,ASF_ASF-Parks Landing,VEMCO,VR2W
ASF-Red Bank-VR2W-108614-2014,108614,ManmadePlatform,ASF_ASF-Red Bank,VEMCO,VR2W
ASF-S. Portage 11-VR2W-113158-2014,113158,ManmadePlatform,ASF_ASF-S. Portage 11,VEMCO,VR2W
ASF-S. Portage 1-VR2W-105399-2014,105399,ManmadePlatform,ASF_ASF-S. Portage 1,VEMCO,VR2W
ASF-S. Portage 2-VR2W-104379-2014,104379,ManmadePlatform,ASF_ASF-S. Portage 2,VEMCO,VR2W
ASF-S. Portage 3-VR2W-109394-2014,109394,ManmadePlatform,ASF_ASF-S. Portage 3,VEMCO,VR2W
ASF-Millstream-VR2W-113160-2014,113160,ManmadePlatform,ASF_ASF-Millstream,VEMCO,VR2W
ASF-Quarryville-VR2W-105400-2014,105400,ManmadePlatform,ASF_ASF-Quarryville,VEMCO,VR2W
ASF-CB20-VR2W-113169-2014,113169,ManmadePlatform,ASF_ASF-CB20,VEMCO,VR2W
ASF-Dal 3-VR2W-113157-2013,113157,ManmadePlatform,ASF_ASF-Dal 3,VEMCO,VR2W
ASF-SOBI N 12-2016-VR2W-126914,126914,ManmadePlatform,ASF_SOBI N 12-2016,VEMCO,VR2W
ASF-SOBI N 13-2016-VR2W-124883,124883,ManmadePlatform,ASF_SOBI N 13-2016,VEMCO,VR2W
ASF-SOBI N 14-2016-VR2W-126916,126916,ManmadePlatform,ASF_SOBI N 14-2016,VEMCO,VR2W
ASF-SOBI N 15-2016-VR2W-126917,126917,ManmadePlatform,ASF_SOBI N 15-2016,VEMCO,VR2W
ASF-SOBI N 16-2016-VR2W-126918,126918,ManmadePlatform,ASF_SOBI N 16-2016,VEMCO,VR2W
ASF-SOBI N 17-2016-VR2W-124886,124886,ManmadePlatform,ASF_SOBI N 17-2016,VEMCO,VR2W
ASF-SOBI N 18-2016-VR2W-124887,124887,ManmadePlatform,ASF_SOBI N 18-2016,VEMCO,VR2W
ASF-SOBI N 19-2016-VR2W-126921,126921,ManmadePlatform,ASF_SOBI N 19-2016,VEMCO,VR2W
ASF-SOBI N 20-2016-VR2W-124888,124888,ManmadePlatform,ASF_SOBI N 20-2016,VEMCO,VR2W
ASF-SOBI N 21-2016-VR2W-126923,126923,ManmadePlatform,ASF_SOBI N 21-2016,VEMCO,VR2W
ASF-SOBI N 2-2016-VR2W-120015,120015,ManmadePlatform,ASF_SOBI N 2-2016,VEMCO,VR2W
ASF-SOBI N 22-2016-VR2W-126924,126924,ManmadePlatform,ASF_SOBI N 22-2016,VEMCO,VR2W
ASF-SOBI N 23-2016-VR2W-126925,126925,ManmadePlatform,ASF_SOBI N 23-2016,VEMCO,VR2W
ASF-SOBI N 24-2016-VR2W-126926,126926,ManmadePlatform,ASF_SOBI N 24-2016,VEMCO,VR2W
ASF-SOBI N 25-2016-VR2W-126927,126927,ManmadePlatform,ASF_SOBI N 25-2016,VEMCO,VR2W
ASF-SOBI N 26-2016-VR2W-127004,127004,ManmadePlatform,ASF_SOBI N 26-2016,VEMCO,VR2W
ASF-SOBI N 27-2016-VR2W-127005,127005,ManmadePlatform,ASF_SOBI N 27-2016,VEMCO,VR2W
ASF-SOBI N 28-2016-VR2W-127006,127006,ManmadePlatform,ASF_SOBI N 28-2016,VEMCO,VR2W
ASF-SOBI N 3-2016-VR2W-120016,120016,ManmadePlatform,ASF_SOBI N 3-2016,VEMCO,VR2W
ASF-SOBI N 4-2016-VR2W-120017,120017,ManmadePlatform,ASF_SOBI N 4-2016,VEMCO,VR2W
ASF-SOBI N 5-2016-VR2W-120020,120020,ManmadePlatform,ASF_SOBI N 5-2016,VEMCO,VR2W
ASF-SOBI N 6-2016-VR2W-120021,120021,ManmadePlatform,ASF_SOBI N 6-2016,VEMCO,VR2W
ASF-SOBI N 7-2016-VR2W-120022,120022,ManmadePlatform,ASF_SOBI N 7-2016,VEMCO,VR2W
ASF-SOBI N 8-2016-VR2W-120024,120024,ManmadePlatform,ASF_SOBI N 8-2016,VEMCO,VR2W
ASF-SOBI N 9-2016-VR2W-126911,126911,ManmadePlatform,ASF_SOBI N 9-2016,VEMCO,VR2W
ASF-S. Portage 11-2016-VR2W-108611,108611,ManmadePlatform,ASF_S. Portage 11-2016,VEMCO,VR2W
ASF-S. Portage 1-2016-VR2W-105401,105401,ManmadePlatform,ASF_S. Portage 1-2016,VEMCO,VR2W
ASF-S. Portage 2-2016-VR2W-124874,124874,ManmadePlatform,ASF_S. Portage 2-2016,VEMCO,VR2W
ASF-S. Portage 3-2016-VR2W-124875,124875,ManmadePlatform,ASF_S. Portage 3-2016,VEMCO,VR2W
ASF-SW Mir 1-2016-VR2W-124884,124884,ManmadePlatform,ASF_SW Mir 1-2016,VEMCO,VR2W
ASF-Barnaby Island-2015-VR2W-108599-2015,108599,ManmadePlatform,ASF_Barnaby Island-2015,VEMCO,VR2W
ASF-BLW Little Sevogle-2015-VR2W-108604-2015,108604,ManmadePlatform,ASF_BLW Little Sevogle-2015,VEMCO,VR2W
ASF-Casc 1-2015-VR2W-113157-2015,113157,ManmadePlatform,ASF_Casc 1-2015,VEMCO,VR2W
ASF-Cassilis-2015-VR2W-108608-2015,108608,ManmadePlatform,ASF_Cassilis-2015,VEMCO,VR2W
ASF-CB10-2015-VR2W-113171-2015,113171,ManmadePlatform,ASF_CB10-2015,VEMCO,VR2W
ASF-CB11-2015-VR2W-119975-2015,119975,ManmadePlatform,ASF_CB11-2015,VEMCO,VR2W
ASF-CB1-2015-VR2W-113161-2015,113161,ManmadePlatform,ASF_CB1-2015,VEMCO,VR2W
ASF-CB12-2015-VR2W-119976-2015,119976,ManmadePlatform,ASF_CB12-2015,VEMCO,VR2W
ASF-CB13-2015-VR2W-119977-2015,119977,ManmadePlatform,ASF_CB13-2015,VEMCO,VR2W
ASF-CB14-2015-VR2W-120000-2015,120000,ManmadePlatform,ASF_CB14-2015,VEMCO,VR2W
ASF-CB15-2015-VR2W-120002-2015,120002,ManmadePlatform,ASF_CB15-2015,VEMCO,VR2W
ASF-CB16-2015-VR2W-120003-2015,120003,ManmadePlatform,ASF_CB16-2015,VEMCO,VR2W
ASF-CB17-2015-VR2W-120004-2015,120004,ManmadePlatform,ASF_CB17-2015,VEMCO,VR2W
ASF-CB18-2015-VR2AR-545728-2015,545728,ManmadePlatform,ASF_CB18-2015,VEMCO,VR2AR
ASF-CB19-2015-VR2AR-545729-2015,545729,ManmadePlatform,ASF_CB19-2015,VEMCO,VR2AR
ASF-CB20-2015-VR2AR-545730-2015,545730,ManmadePlatform,ASF_CB20-2015,VEMCO,VR2AR
ASF-CB21-2015-VR2W-120005-2015,120005,ManmadePlatform,ASF_CB21-2015,VEMCO,VR2W
ASF-CB2-2015-VR2W-113162-2015,113162,ManmadePlatform,ASF_CB2-2015,VEMCO,VR2W
ASF-CB22-2015-VR2W-120006-2015,120006,ManmadePlatform,ASF_CB22-2015,VEMCO,VR2W
ASF-CB23-2015-VR2W-120007-2015,120007,ManmadePlatform,ASF_CB23-2015,VEMCO,VR2W
ASF-CB24-2015-VR2W-120008-2015,120008,ManmadePlatform,ASF_CB24-2015,VEMCO,VR2W
ASF-CB25-2015-VR2W-120009-2015,120009,ManmadePlatform,ASF_CB25-2015,VEMCO,VR2W
ASF-CB26-2015-VR2W-120011-2015,120011,ManmadePlatform,ASF_CB26-2015,VEMCO,VR2W
ASF-CB27-2015-VR2W-120012-2015,120012,ManmadePlatform,ASF_CB27-2015,VEMCO,VR2W
ASF-CB28-2015-VR2W-120013-2015,120013,ManmadePlatform,ASF_CB28-2015,VEMCO,VR2W
ASF-CB3-2015-VR2W-113163-2015,113163,ManmadePlatform,ASF_CB3-2015,VEMCO,VR2W
ASF-CB4-2015-VR2W-113164-2015,113164,ManmadePlatform,ASF_CB4-2015,VEMCO,VR2W
ASF-CB5-2015-VR2W-113165-2015,113165,ManmadePlatform,ASF_CB5-2015,VEMCO,VR2W
ASF-CB6-2015-VR2W-113166-2015,113166,ManmadePlatform,ASF_CB6-2015,VEMCO,VR2W
ASF-CB7-2015-VR2W-113167-2015,113167,ManmadePlatform,ASF_CB7-2015,VEMCO,VR2W
ASF-CB8-2015-VR2W-113168-2015,113168,ManmadePlatform,ASF_CB8-2015,VEMCO,VR2W
ASF-CB9-2015-VR2W-113170-2015,113170,ManmadePlatform,ASF_CB9-2015,VEMCO,VR2W
ASF-Chatham-2015-VR2W-108595-2015,108595,ManmadePlatform,ASF_Chatham-2015,VEMCO,VR2W
ASF-DAL 1-2015-VR2W-111250-2015,111250,ManmadePlatform,ASF_DAL 1-2015,VEMCO,VR2W
ASF-DAL 2-2015-VR2AR-545731-2015,545731,ManmadePlatform,ASF_DAL 2-2015,VEMCO,VR2AR
ASF-DAL 2-2015-VR2W-108614-2015,108614,ManmadePlatform,ASF_DAL 2-2015,VEMCO,VR2W
ASF-DAL 3-2015-VR2AR-545732-2015,545732,ManmadePlatform,ASF_DAL 3-2015,VEMCO,VR2AR
ASF-DAL 3-2015-VR2W-104568-2015,104568,ManmadePlatform,ASF_DAL 3-2015,VEMCO,VR2W
ASF-DALJ 1-2015-VR2W-108612-2015,108612,ManmadePlatform,ASF_DALJ 1-2015,VEMCO,VR2W
ASF-DALJ 2-2015-VR2W-108613-2015,108613,ManmadePlatform,ASF_DALJ 2-2015,VEMCO,VR2W
ASF-Eel Ground-2015-VR2W-108605-2015,108605,ManmadePlatform,ASF_Eel Ground-2015,VEMCO,VR2W
ASF-Enclosure-2015-VR2W-108598-2015,108598,ManmadePlatform,ASF_Enclosure-2015,VEMCO,VR2W
ASF-French Fort Cove-2015-VR2W-108596-2015,108596,ManmadePlatform,ASF_French Fort Cove-2015,VEMCO,VR2W
ASF-Hacketts Beach-2015-VR2W-108606-2015,108606,ManmadePlatform,ASF_Hacketts Beach-2015,VEMCO,VR2W
ASF-Huckleberry 1-2015-VR2W-105399-2015,105399,ManmadePlatform,ASF_Huckleberry 1-2015,VEMCO,VR2W
ASF-Huckleberry 2-2015-VR2W-105400-2015,105400,ManmadePlatform,ASF_Huckleberry 2-2015,VEMCO,VR2W
ASF-Johnson Bridge-2015-VR2W-103135-2015,103135,ManmadePlatform,ASF_Johnson Bridge-2015,VEMCO,VR2W
ASF-Kingston Lane-2015-VR2W-108603-2015,108603,ManmadePlatform,ASF_Kingston Lane-2015,VEMCO,VR2W
ASF-Loggieville-2015-VR2W-108593-2015,108593,ManmadePlatform,ASF_Loggieville-2015,VEMCO,VR2W
ASF-Mann Mountain Settlement-2015-VR2W-113153-2015,113153,ManmadePlatform,ASF_Mann Mountain Settlement-2015,VEMCO,VR2W
ASF-Mann Mountain Settlement-2015-VR2W-113155-2015,113155,ManmadePlatform,ASF_Mann Mountain Settlement-2015,VEMCO,VR2W
ASF-Middle Island-2015-VR2W-108594-2015,108594,ManmadePlatform,ASF_Middle Island-2015,VEMCO,VR2W
ASF-Millerton-2015-VR2W-108600-2015,108600,ManmadePlatform,ASF_Millerton-2015,VEMCO,VR2W
ASF-Millstream-2015-VR2W-108607-2015,108607,ManmadePlatform,ASF_Millstream-2015,VEMCO,VR2W
ASF-Neguac 2-2015-VR2W-108591-2015,108591,ManmadePlatform,ASF_Neguac 2-2015,VEMCO,VR2W
ASF-Neguac 3-2015-VR2W-108592-2015,108592,ManmadePlatform,ASF_Neguac 3-2015,VEMCO,VR2W
ASF-Nelson-2015-VR2W-108597-2015,108597,ManmadePlatform,ASF_Nelson-2015,VEMCO,VR2W
ASF-N. Portage 1-2015-VR2W-106195-2015,106195,ManmadePlatform,ASF_N. Portage 1-2015,VEMCO,VR2W
ASF-N. Portage 2-2015-VR2W-106609-2015,106609,ManmadePlatform,ASF_N. Portage 2-2015,VEMCO,VR2W
ASF-N. Portage 3-2015-VR2W-108590-2015,108590,ManmadePlatform,ASF_N. Portage 3-2015,VEMCO,VR2W
ASF-Parks Landing-2015-VR2W-108609-2015,108609,ManmadePlatform,ASF_Parks Landing-2015,VEMCO,VR2W
ASF-Quarryville-2015-VR2W-108602-2015,108602,ManmadePlatform,ASF_Quarryville-2015,VEMCO,VR2W
ASF-Red Bank-2015-VR2W-108610-2015,108610,ManmadePlatform,ASF_Red Bank-2015,VEMCO,VR2W
ASF-REST 4-2015-VR2W-109395-2015,109395,ManmadePlatform,ASF_REST 4-2015,VEMCO,VR2W
ASF-REST 5-2015-VR2W-109396-2015,109396,ManmadePlatform,ASF_REST 5-2015,VEMCO,VR2W
ASF-REST 6-2015-VR2W-109524-2015,109524,ManmadePlatform,ASF_REST 6-2015,VEMCO,VR2W
ASF-SOBI 10-2015-VR2W-104381-2015,104381,ManmadePlatform,ASF_SOBI 10-2015,VEMCO,VR2W
ASF-SOBI 11-2015-VR2W-120026-2015,120026,ManmadePlatform,ASF_SOBI 11-2015,VEMCO,VR2W
ASF-SOBI 1-2015-VR2W-120023-2015,120023,ManmadePlatform,ASF_SOBI 1-2015,VEMCO,VR2W
ASF-SOBI 12-2015-VR2W-104383-2015,104383,ManmadePlatform,ASF_SOBI 12-2015,VEMCO,VR2W
ASF-SOBI 13-2015-VR2W-105268-2015,105268,ManmadePlatform,ASF_SOBI 13-2015,VEMCO,VR2W
ASF-SOBI 14-2015-VR2W-105269-2015,105269,ManmadePlatform,ASF_SOBI 14-2015,VEMCO,VR2W
ASF-SOBI 15-2015-VR2W-105270-2015,105270,ManmadePlatform,ASF_SOBI 15-2015,VEMCO,VR2W
ASF-SOBI 16-2015-VR2W-105271-2015,105271,ManmadePlatform,ASF_SOBI 16-2015,VEMCO,VR2W
ASF-SOBI 17-2015-VR2W-120019-2015,120019,ManmadePlatform,ASF_SOBI 17-2015,VEMCO,VR2W
ASF-SOBI 18-2015-VR2W-120029-2015,120029,ManmadePlatform,ASF_SOBI 18-2015,VEMCO,VR2W
ASF-SOBI 19-2015-VR2W-120031-2015,120031,ManmadePlatform,ASF_SOBI 19-2015,VEMCO,VR2W
ASF-SOBI 20-2015-VR2W-105275-2015,105275,ManmadePlatform,ASF_SOBI 20-2015,VEMCO,VR2W
ASF-SOBI 2-2015-VR2W-100703-2015,100703,ManmadePlatform,ASF_SOBI 2-2015,VEMCO,VR2W
ASF-SOBI 23-2015-VR2W-124880-2015,124880,ManmadePlatform,ASF_SOBI 23-2015,VEMCO,VR2W
ASF-SOBI 25-2015-VR2W-105277-2015,105277,ManmadePlatform,ASF_SOBI 25-2015,VEMCO,VR2W
ASF-SOBI 26-2015-VR2W-100702-2015,100702,ManmadePlatform,ASF_SOBI 26-2015,VEMCO,VR2W
ASF-SOBI 3-2015-VR2W-100708-2015,100708,ManmadePlatform,ASF_SOBI 3-2015,VEMCO,VR2W
ASF-SOBI 4-2015-VR2W-109520-2015,109520,ManmadePlatform,ASF_SOBI 4-2015,VEMCO,VR2W
ASF-SOBI 5-2015-VR2W-101319-2015,101319,ManmadePlatform,ASF_SOBI 5-2015,VEMCO,VR2W
ASF-SOBI 6-2015-VR2W-101928-2015,101928,ManmadePlatform,ASF_SOBI 6-2015,VEMCO,VR2W
ASF-SOBI 7-2015-VR2W-103116-2015,103116,ManmadePlatform,ASF_SOBI 7-2015,VEMCO,VR2W
ASF-SOBI 8-2015-VR2W-120025-2015,120025,ManmadePlatform,ASF_SOBI 8-2015,VEMCO,VR2W
ASF-SOBI 9-2015-VR2W-103118-2015,103118,ManmadePlatform,ASF_SOBI 9-2015,VEMCO,VR2W
ASF-SOBI N 10-2015-VR2W-126912-2015,126912,ManmadePlatform,ASF_SOBI N 10-2015,VEMCO,VR2W
ASF-SOBI N 11-2015-VR2W-126913-2015,126913,ManmadePlatform,ASF_SOBI N 11-2015,VEMCO,VR2W
ASF-SOBI N 1-2015-VR2W-120014-2015,120014,ManmadePlatform,ASF_SOBI N 1-2015,VEMCO,VR2W
ASF-SOBI N 12-2015-VR2W-126914-2015,126914,ManmadePlatform,ASF_SOBI N 12-2015,VEMCO,VR2W
ASF-SOBI N 13-2015-VR2W-126915-2015,126915,ManmadePlatform,ASF_SOBI N 13-2015,VEMCO,VR2W
ASF-SOBI N 14-2015-VR2W-126916-2015,126916,ManmadePlatform,ASF_SOBI N 14-2015,VEMCO,VR2W
ASF-SOBI N 15-2015-VR2W-126917-2015,126917,ManmadePlatform,ASF_SOBI N 15-2015,VEMCO,VR2W
ASF-SOBI N 16-2015-VR2W-126918-2015,126918,ManmadePlatform,ASF_SOBI N 16-2015,VEMCO,VR2W
ASF-SOBI N 17-2015-VR2W-126919-2015,126919,ManmadePlatform,ASF_SOBI N 17-2015,VEMCO,VR2W
ASF-SOBI N 18-2015-VR2W-126920-2015,126920,ManmadePlatform,ASF_SOBI N 18-2015,VEMCO,VR2W
ASF-SOBI N 19-2015-VR2W-126921-2015,126921,ManmadePlatform,ASF_SOBI N 19-2015,VEMCO,VR2W
ASF-SOBI N 20-2015-VR2W-126922-2015,126922,ManmadePlatform,ASF_SOBI N 20-2015,VEMCO,VR2W
ASF-SOBI N 21-2015-VR2W-126923-2015,126923,ManmadePlatform,ASF_SOBI N 21-2015,VEMCO,VR2W
ASF-SOBI N 2-2015-VR2W-120015-2015,120015,ManmadePlatform,ASF_SOBI N 2-2015,VEMCO,VR2W
ASF-SOBI N 22-2015-VR2W-126924-2015,126924,ManmadePlatform,ASF_SOBI N 22-2015,VEMCO,VR2W
ASF-SOBI N 23-2015-VR2W-126925-2015,126925,ManmadePlatform,ASF_SOBI N 23-2015,VEMCO,VR2W
ASF-SOBI N 24-2015-VR2W-126926-2015,126926,ManmadePlatform,ASF_SOBI N 24-2015,VEMCO,VR2W
ASF-SOBI N 25-2015-VR2W-126927-2015,126927,ManmadePlatform,ASF_SOBI N 25-2015,VEMCO,VR2W
ASF-SOBI N 26-2015-VR2W-127004-2015,127004,ManmadePlatform,ASF_SOBI N 26-2015,VEMCO,VR2W
ASF-SOBI N 27-2015-VR2W-127005-2015,127005,ManmadePlatform,ASF_SOBI N 27-2015,VEMCO,VR2W
ASF-SOBI N 28-2015-VR2W-127006-2015,127006,ManmadePlatform,ASF_SOBI N 28-2015,VEMCO,VR2W
ASF-SOBI N 3-2015-VR2W-120016-2015,120016,ManmadePlatform,ASF_SOBI N 3-2015,VEMCO,VR2W
CPCP004-VR2W-102299-3,102299,ManmadePlatform,SAF_SAF-CP004,VEMCO,VR2W
ASF-SOBI N 4-2015-VR2W-120017-2015,120017,ManmadePlatform,ASF_SOBI N 4-2015,VEMCO,VR2W
ASF-SOBI N 5-2015-VR2W-120020-2015,120020,ManmadePlatform,ASF_SOBI N 5-2015,VEMCO,VR2W
ASF-SOBI N 6-2015-VR2W-120021-2015,120021,ManmadePlatform,ASF_SOBI N 6-2015,VEMCO,VR2W
ASF-SOBI N 7-2015-VR2W-120022-2015,120022,ManmadePlatform,ASF_SOBI N 7-2015,VEMCO,VR2W
ASF-SOBI N 8-2015-VR2W-120024-2015,120024,ManmadePlatform,ASF_SOBI N 8-2015,VEMCO,VR2W
ASF-SOBI N 9-2015-VR2W-126911-2015,126911,ManmadePlatform,ASF_SOBI N 9-2015,VEMCO,VR2W
ASF-S. Portage 11-2015-VR2W-108611-2015,108611,ManmadePlatform,ASF_S. Portage 11-2015,VEMCO,VR2W
ASF-S. Portage 1-2015-VR2W-105401-2015,105401,ManmadePlatform,ASF_S. Portage 1-2015,VEMCO,VR2W
ASF-S. Portage 2-2015-VR2W-105402-2015,105402,ManmadePlatform,ASF_S. Portage 2-2015,VEMCO,VR2W
ASF-S. Portage 3-2015-VR2W-105403-2015,105403,ManmadePlatform,ASF_S. Portage 3-2015,VEMCO,VR2W
ASF-SW Mir 1-2015-VR2W-100021-2015,100021,ManmadePlatform,ASF_SW Mir 1-2015,VEMCO,VR2W
ASF-SW Mir 2-2015-VR2W-100037-2015,100037,ManmadePlatform,ASF_SW Mir 2-2015,VEMCO,VR2W
ASF-SW Mir 3 Black Brook-2015-VR2W-103140-2015,103140,ManmadePlatform,ASF_SW Mir 3 Black Brook-2015,VEMCO,VR2W
MFFP-Casc 2-2015-VR2W-113158-2015,113158,ManmadePlatform,ASF_Casc 2-2015,VEMCO,VR2W
ASF-MM2-VR2W-113155-2017-05-30T18,113155,ManmadePlatform,ASF_MM2,VEMCO,VR2W
ASF-Barnaby Isl.-VR2W-108599-2017-04-25T19,108599,ManmadePlatform,ASF_Barnaby Isl.,VEMCO,VR2W
ASF-Casc 1-VR2W-113157-2017-05-29T14,113157,ManmadePlatform,ASF_Casc 1,VEMCO,VR2W
ASF-Casc 2-VR2W-113158-2017-05-29T14,113158,ManmadePlatform,ASF_Casc 2,VEMCO,VR2W
ASF-Cassilis 105-VR2W-180-301749-2017-05-16T15,301749,ManmadePlatform,ASF_Cassilis 105,VEMCO,VR2W-180
ASF-Cassilis 215-VR2W-180-300742-2017-05-11T22,300742,ManmadePlatform,ASF_Cassilis 215,VEMCO,VR2W-180
ASF-Cassilis-VR2TX-481146-2017-04-25T19,481146,ManmadePlatform,ASF_Cassilis,VEMCO,VR2TX
ASF-Cassilis-VR2TX-481147-2017-05-16T15,481147,ManmadePlatform,ASF_Cassilis,VEMCO,VR2TX
ASF-Cassilis-VR2W-180-300741-2017-05-16T15,300741,ManmadePlatform,ASF_Cassilis,VEMCO,VR2W-180
ASF-CB10-VR2W-113171-2017-05-22T17,113171,ManmadePlatform,ASF_ASF-CB10,VEMCO,VR2W
ASF-CB11-VR2W-119975-2017-05-22T17,119975,ManmadePlatform,ASF_ASF-CB11,VEMCO,VR2W
ASF-CB12-VR2W-119976-2017-05-22T17,119976,ManmadePlatform,ASF_ASF-CB12,VEMCO,VR2W
ASF-CB13-VR2W-119977-2017-05-22T17,119977,ManmadePlatform,ASF_ASF-CB13,VEMCO,VR2W
ASF-CB14-VR2AR-546502-2017-05-22T17,546502,ManmadePlatform,ASF_ASF-CB14,VEMCO,VR2AR
ASF-CB15-VR2AR-546503-2017-05-22T17,546503,ManmadePlatform,ASF_ASF-CB15,VEMCO,VR2AR
ASF-CB16-VR2AR-546504-2017-05-22T17,546504,ManmadePlatform,ASF_ASF-CB16,VEMCO,VR2AR
ASF-CB17-VR2AR-546505-2017-05-22T17,546505,ManmadePlatform,ASF_ASF-CB17,VEMCO,VR2AR
ASF-CB18-VR2AR-545728-2017-05-22T17,545728,ManmadePlatform,ASF_ASF-CB18,VEMCO,VR2AR
ASF-CB19-VR2AR-545729-2017-05-22T17,545729,ManmadePlatform,ASF_ASF-CB19,VEMCO,VR2AR
ASF-CB1-VR2W-120000-2017-05-22T17,120000,ManmadePlatform,ASF_ASF-CB1,VEMCO,VR2W
ASF-CB20-VR2AR-545730-2017-05-22T18,545730,ManmadePlatform,ASF_ASF-CB20,VEMCO,VR2AR
ASF-CB21-VR2AR-546506-2017-05-22T18,546506,ManmadePlatform,ASF_ASF-CB21,VEMCO,VR2AR
ASF-CB22-VR2AR-546507-2017-05-22T18,546507,ManmadePlatform,ASF_ASF-CB22,VEMCO,VR2AR
ASF-CB23-VR2AR-546508-2017-05-22T18,546508,ManmadePlatform,ASF_ASF-CB23,VEMCO,VR2AR
ASF-CB24-VR2W-120008-2017-05-22T18,120008,ManmadePlatform,ASF_ASF-CB24,VEMCO,VR2W
ASF-CB25-VR2W-120009-2017-05-22T18,120009,ManmadePlatform,ASF_ASF-CB25,VEMCO,VR2W
ASF-CB26-VR2W-120011-2017-05-22T18,120011,ManmadePlatform,ASF_ASF-CB26,VEMCO,VR2W
ASF-CB27-VR2W-120012-2017-05-22T18,120012,ManmadePlatform,ASF_ASF-CB27,VEMCO,VR2W
ASF-CB28-VR2W-120003-2017-05-22T18,120003,ManmadePlatform,ASF_ASF-CB28,VEMCO,VR2W
ASF-CB29-VR2W-120004-2017-05-22T18,120004,ManmadePlatform,ASF_ASF-CB29,VEMCO,VR2W
ASF-CB2-VR2W-113162-2017-05-22T17,113162,ManmadePlatform,ASF_ASF-CB2,VEMCO,VR2W
ASF-CB3-VR2W-113163-2017-05-22T17,113163,ManmadePlatform,ASF_ASF-CB3,VEMCO,VR2W
ASF-CB4-VR2W-120002-2017-05-22T17,120002,ManmadePlatform,ASF_ASF-CB4,VEMCO,VR2W
ASF-CB5-VR2W-113165-2017-05-22T17,113165,ManmadePlatform,ASF_ASF-CB5,VEMCO,VR2W
ASF-CB6-VR2W-113166-2017-05-22T17,113166,ManmadePlatform,ASF_ASF-CB6,VEMCO,VR2W
ASF-CB7-VR2W-113167-2017-05-22T17,113167,ManmadePlatform,ASF_ASF-CB7,VEMCO,VR2W
ASF-CB8-VR2W-113168-2017-05-22T17,113168,ManmadePlatform,ASF_ASF-CB8,VEMCO,VR2W
ASF-CB9-VR2W-113170-2017-05-22T17,113170,ManmadePlatform,ASF_ASF-CB9,VEMCO,VR2W
ASF-Chatham 200-VR2W-180-301746-2017-05-11T17,301746,ManmadePlatform,ASF_Chatham 200,VEMCO,VR2W-180
ASF-Chatham 275-VR2W-180-301039-2017-05-16T18,301039,ManmadePlatform,ASF_Chatham 275,VEMCO,VR2W-180
ASF-Chatham 450-VR2W-180-301121-2017-05-16T18,301121,ManmadePlatform,ASF_Chatham 450,VEMCO,VR2W-180
ASF-Chatham 550-VR2W-180-300738-2017-05-11T15,300738,ManmadePlatform,ASF_Chatham 550,VEMCO,VR2W-180
ASF-Chatham-VR2W-124877-2017-04-25T15,124877,ManmadePlatform,ASF_Chatham,VEMCO,VR2W
ASF-Chatham-VR2W-180-300973-2017-05-11T16,300973,ManmadePlatform,ASF_Chatham,VEMCO,VR2W-180
ASF-Dal1-VR2W-111250-2017-05-12T12,111250,ManmadePlatform,ASF_Dal1,VEMCO,VR2W
ASF-Dal2-VR2AR-545731-2017-05-12T13,545731,ManmadePlatform,ASF_Dal2,VEMCO,VR2AR
ASF-Dal3-VR2AR-545732-2017-05-12T13,545732,ManmadePlatform,ASF_Dal3,VEMCO,VR2AR
ASF-Eel Ground-VR2W-108605-2017-04-25T19,108605,ManmadePlatform,ASF_ASF-Eel Ground,VEMCO,VR2W
ASF-Enclosure-VR2W-108598-2017-04-25T17,108598,ManmadePlatform,ASF_ASF-Enclosure,VEMCO,VR2W
ASF-French Fort Cove-VR2W-124893-2017-04-25T15,124893,ManmadePlatform,ASF_French Fort Cove,VEMCO,VR2W
ASF-Hackett's Beach 100-VR2W-180-300736-2017-05-11T23,300736,ManmadePlatform,ASF_Hackett's Beach 100,VEMCO,VR2W-180
ASF-Hackett's Beach 345-VR2W-105400-2017-05-16T16,105400,ManmadePlatform,ASF_Hackett's Beach 345,VEMCO,VR2W
ASF-Hackett's Beach 345-VR2W-108606-2017-04-25T19,108606,ManmadePlatform,ASF_Hackett's Beach 345,VEMCO,VR2W
ASF-Hackett's Beach 345-VR2W-180-300739-2017-05-16T16,300739,ManmadePlatform,ASF_Hackett's Beach 345,VEMCO,VR2W-180
ASF-Hackett's Beach-VR2W-180-301119-2017-05-16T16,301119,ManmadePlatform,ASF_Hackett's Beach,VEMCO,VR2W-180
ASF-Huckleberry 1-VR2W-105399-2017-05-04T19,105399,ManmadePlatform,ASF_Huckleberry 1,VEMCO,VR2W
ASF-Huckleberry 2-VR2W-124889-2017-05-04T19,124889,ManmadePlatform,ASF_ASF-Huckleberry 2,VEMCO,VR2W
ASF-L'Anse L'Amour 1-VR2W-109525-2017-07-09T09,109525,ManmadePlatform,ASF_L'Anse L'Amour 1,VEMCO,VR2W
ASF-L'Anse L'Amour 2-VR2W-126635-2017-07-09T09,126635,ManmadePlatform,ASF_L'Anse L'Amour 2,VEMCO,VR2W
ASF-LG1-VR2W-120005-2017-05-30T15,120005,ManmadePlatform,ASF_LG1,VEMCO,VR2W
ASF-Loggieville 135-VR2W-180-301748-2017-05-11T21,301748,ManmadePlatform,ASF_Loggieville 135,VEMCO,VR2W-180
ASF-Loggieville 230-VR2TX-481144-2017-04-25T16,481144,ManmadePlatform,ASF_Loggieville 230,VEMCO,VR2TX
ASF-Loggieville 230-VR2W-180-301740-2017-05-11T21,301740,ManmadePlatform,ASF_Loggieville 230,VEMCO,VR2W-180
ASF-Loggieville 505-VR2W-180-300698-2017-05-11T21,300698,ManmadePlatform,ASF_Loggieville 505,VEMCO,VR2W-180
ASF-Loggieville 660-VR2TX-481145-2017-05-12T20,481145,ManmadePlatform,ASF_Loggieville 660,VEMCO,VR2TX
ASF-Loggieville 660-VR2W-180-300700-2017-05-11T20,300700,ManmadePlatform,ASF_Loggieville 660,VEMCO,VR2W-180
ASF-Loggieville 835-VR2W-180-301742-2017-05-11T20,301742,ManmadePlatform,ASF_Loggieville 835,VEMCO,VR2W-180
ASF-Loggieville E 150-VR2W-180-301745-2017-05-11T21,301745,ManmadePlatform,ASF_Loggieville E 150,VEMCO,VR2W-180
ASF-Loggieville E 295-VR2W-180-301744-2017-05-11T21,301744,ManmadePlatform,ASF_Loggieville E 295,VEMCO,VR2W-180
ASF-Loggieville E 465-VR2W-180-301743-2017-05-11T21,301743,ManmadePlatform,ASF_Loggieville E 465,VEMCO,VR2W-180
ASF-Loggieville E 650-VR2W-180-301741-2017-05-11T21,301741,ManmadePlatform,ASF_Loggieville E 650,VEMCO,VR2W-180
ASF-Middle Island-VR2W-108594-2017-04-25T16,108594,ManmadePlatform,ASF_Middle Island,VEMCO,VR2W
ASF-Millerton-VR2TX-481083-2017-04-25T17,481083,ManmadePlatform,ASF_ASF-Millerton,VEMCO,VR2TX
ASF-Millstream-VR2W-108607-2017-04-25T19,108607,ManmadePlatform,ASF_ASF-Millstream,VEMCO,VR2W
ASF-MM1-VR2W-113153-2017-05-30T18,113153,ManmadePlatform,ASF_MM1,VEMCO,VR2W
ASF-Neguac 2-VR2W-108591-2017-05-04T21,108591,ManmadePlatform,ASF_ASF-Neguac 2,VEMCO,VR2W
ASF-Neguac 3-VR2W-108592-2017-05-04T21,108592,ManmadePlatform,ASF_ASF-Neguac 3,VEMCO,VR2W
ASF-Nelson 140-VR2W-180-300743-2017-05-11T15,300743,ManmadePlatform,ASF_Nelson 140,VEMCO,VR2W-180
ASF-Nelson 350-VR2W-180-300083-2017-05-16T17,300083,ManmadePlatform,ASF_Nelson 350,VEMCO,VR2W-180
ASF-Nelson 445-VR2W-180-300975-2017-05-11T13,300975,ManmadePlatform,ASF_Nelson 445,VEMCO,VR2W-180
ASF-Nelson-VR2W-108597-2017-04-25T15,108597,ManmadePlatform,ASF_ASF-Nelson,VEMCO,VR2W
ASF-Nelson-VR2W-180-300974-2017-05-11T14,300974,ManmadePlatform,ASF_ASF-Nelson,VEMCO,VR2W-180
ASF-N. Portage 1-VR2W-106195-2017-05-04T20,106195,ManmadePlatform,ASF_ASF-N. Portage 1,VEMCO,VR2W
ASF-N. Portage 2-VR2TX-481084-2017-05-04T20,481084,ManmadePlatform,ASF_ASF-N. Portage 2,VEMCO,VR2TX
ASF-N. Portage 3-VR2W-108590-2017-05-04T20,108590,ManmadePlatform,ASF_ASF-N. Portage 3,VEMCO,VR2W
ASF-Quarryville-VR2W-108602-2017-04-25T18,108602,ManmadePlatform,ASF_ASF-Quarryville,VEMCO,VR2W
ASF-Red Bank-VR2W-108610-2017-04-25T19,108610,ManmadePlatform,ASF_ASF-Red Bank,VEMCO,VR2W
ASF-REST4-VR2W-109395-2017-05-12T17,109395,ManmadePlatform,ASF_REST4,VEMCO,VR2W
ASF-REST5-VR2TX-481082-2017-05-12T17,481082,ManmadePlatform,ASF_REST5,VEMCO,VR2TX
ASF-REST6-VR2W-109524-2017-05-12T18,109524,ManmadePlatform,ASF_REST6,VEMCO,VR2W
ASF-RP1-VR2W-103123-2017-05-30T14,103123,ManmadePlatform,ASF_RP1,VEMCO,VR2W
ASF-SOBI 10-VR2W-104383-2017-06-23T10,104383,ManmadePlatform,ASF_SOBI 10,VEMCO,VR2W
ASF-SOBI 11-VR2W-120026-2017-06-23T12,120026,ManmadePlatform,ASF_SOBI 11,VEMCO,VR2W
ASF-SOBI 12-VR2TX-481090-2017-06-23T12,481090,ManmadePlatform,ASF_SOBI 12,VEMCO,VR2TX
ASF-SOBI 13-VR2W-105268-2017-06-23T12,105268,ManmadePlatform,ASF_SOBI 13,VEMCO,VR2W
ASF-SOBI 14-VR2W-105269-2017-06-23T12,105269,ManmadePlatform,ASF_SOBI 14,VEMCO,VR2W
ASF-SOBI 15-VR2TX-481091-2017-06-23T12,481091,ManmadePlatform,ASF_SOBI 15,VEMCO,VR2TX
ASF-SOBI 16-VR2W-103118-2017-06-23T12,103118,ManmadePlatform,ASF_SOBI 16,VEMCO,VR2W
ASF-SOBI 17-VR2W-120019-2017-06-23T12,120019,ManmadePlatform,ASF_SOBI 17,VEMCO,VR2W
ASF-SOBI 18-VR2TX-481092-2017-06-23T12,481092,ManmadePlatform,ASF_SOBI 18,VEMCO,VR2TX
ASF-SOBI 19-VR2W-120031-2017-06-23T13,120031,ManmadePlatform,ASF_SOBI 19,VEMCO,VR2W
ASF-SOBI 1-VR2W-120023-2017-06-23T08,120023,ManmadePlatform,ASF_SOBI 1,VEMCO,VR2W
ASF-SOBI 20425-STAR ODDi-SO205-2017-06-23T15,SO205,ManmadePlatform,ASF_SOBI 20425,Star-Oddi,STAR ODDi
ASF-SOBI 20-VR2W-105275-2017-06-23T13,105275,ManmadePlatform,ASF_SOBI 20,VEMCO,VR2W
ASF-SOBI 21-VR2TX-481093-2017-06-23T15,481093,ManmadePlatform,ASF_SOBI 21,VEMCO,VR2TX
ASF-SOBI 23-VR2W-124880-2017-06-23T15,124880,ManmadePlatform,ASF_SOBI 23,VEMCO,VR2W
ASF-SOBI 25-VR2W-105277-2017-06-23T15,105277,ManmadePlatform,ASF_SOBI 25,VEMCO,VR2W
ASF-SOBI 26-VR2TX-481094-2017-06-23T16,481094,ManmadePlatform,ASF_SOBI 26,VEMCO,VR2TX
ASF-SOBI 2-VR2W-100703-2017-06-23T08,100703,ManmadePlatform,ASF_SOBI 2,VEMCO,VR2W
ASF-SOBI 3-VR2TX-481087-2017-06-23T09,481087,ManmadePlatform,ASF_SOBI 3,VEMCO,VR2TX
ASF-SOBI 3-VR2W-109525-2017-07-18T14,109525,ManmadePlatform,ASF_SOBI 3,VEMCO,VR2W
ASF-SOBI 4-VR2W-109520-2017-06-23T09,109520,ManmadePlatform,ASF_SOBI 4,VEMCO,VR2W
ASF-SOBI 5-VR2W-101319-2017-06-23T09,101319,ManmadePlatform,ASF_SOBI 5,VEMCO,VR2W
ASF-SOBI 6-VR2TX-481088-2017-06-23T10,481088,ManmadePlatform,ASF_SOBI 6,VEMCO,VR2TX
ASF-SOBI 7-VR2W-103116-2017-06-23T10,103116,ManmadePlatform,ASF_SOBI 7,VEMCO,VR2W
ASF-SOBI 8-VR2W-120025-2017-06-23T10,120025,ManmadePlatform,ASF_SOBI 8,VEMCO,VR2W
ASF-SOBI 9-VR2TX-481089-2017-06-23T10,481089,ManmadePlatform,ASF_SOBI 9,VEMCO,VR2TX
ASF-SOBI N10-VR2W-126912-2017-06-23T19,126912,ManmadePlatform,ASF_SOBI N10,VEMCO,VR2W
ASF-SOBI N11-VR2W-126913-2017-06-23T19,126913,ManmadePlatform,ASF_SOBI N11,VEMCO,VR2W
ASF-SOBI N12-VR2W-126914-2017-06-23T19,126914,ManmadePlatform,ASF_SOBI N12,VEMCO,VR2W
ASF-SOBI N13-VR2W-124883-2017-06-23T19,124883,ManmadePlatform,ASF_SOBI N13,VEMCO,VR2W
ASF-SOBI N14-VR2W-126916-2017-06-23T19,126916,ManmadePlatform,ASF_SOBI N14,VEMCO,VR2W
ASF-SOBI N15-VR2W-126917-2017-06-23T19,126917,ManmadePlatform,ASF_SOBI N15,VEMCO,VR2W
ASF-SOBI N16-VR2W-126918-2017-06-23T19,126918,ManmadePlatform,ASF_SOBI N16,VEMCO,VR2W
ASF-SOBI N17-VR2W-105270-2017-06-23T19,105270,ManmadePlatform,ASF_SOBI N17,VEMCO,VR2W
ASF-SOBI N18-VR2W-124887-2017-06-23T19,124887,ManmadePlatform,ASF_SOBI N18,VEMCO,VR2W
ASF-SOBI N19-VR2W-126921-2017-06-23T19,126921,ManmadePlatform,ASF_SOBI N19,VEMCO,VR2W
ASF-SOBI N1-VR2W-124882-2017-06-23T18,124882,ManmadePlatform,ASF_SOBI N1,VEMCO,VR2W
ASF-SOBI N20-VR2W-124888-2017-06-23T19,124888,ManmadePlatform,ASF_SOBI N20,VEMCO,VR2W
ASF-SOBI N21-VR2W-126923-2017-06-23T00,126923,ManmadePlatform,ASF_SOBI N21,VEMCO,VR2W
ASF-SOBI N22-VR2W-126924-2017-06-23T16,126924,ManmadePlatform,ASF_SOBI N22,VEMCO,VR2W
ASF-SOBI N23-VR2W-126925-2017-06-23T16,126925,ManmadePlatform,ASF_SOBI N23,VEMCO,VR2W
ASF-SOBI N24-VR2W-126926-2017-06-23T16,126926,ManmadePlatform,ASF_SOBI N24,VEMCO,VR2W
ASF-SOBI N25-VR2W-126927-2017-06-23T16,126927,ManmadePlatform,ASF_SOBI N25,VEMCO,VR2W
ASF-SOBI N26-VR2W-127004-2017-06-23T16,127004,ManmadePlatform,ASF_SOBI N26,VEMCO,VR2W
ASF-SOBI N27-VR2W-127005-2017-06-23T16,127005,ManmadePlatform,ASF_SOBI N27,VEMCO,VR2W
ASF-SOBI N28-VR2W-127006-2017-06-23T16,127006,ManmadePlatform,ASF_SOBI N28,VEMCO,VR2W
ASF-SOBI N2-VR2W-120015-2017-06-23T18,120015,ManmadePlatform,ASF_SOBI N2,VEMCO,VR2W
ASF-SOBI N3-VR2W-120016-2017-06-23T18,120016,ManmadePlatform,ASF_SOBI N3,VEMCO,VR2W
ASF-SOBI N4-VR2W-120017-2017-06-23T18,120017,ManmadePlatform,ASF_SOBI N4,VEMCO,VR2W
ASF-SOBI N5-VR2W-120020-2017-06-23T18,120020,ManmadePlatform,ASF_SOBI N5,VEMCO,VR2W
ASF-SOBI N6-VR2W-120021-2017-06-23T18,120021,ManmadePlatform,ASF_SOBI N6,VEMCO,VR2W
ASF-SOBI N7-VR2W-120022-2017-06-23T18,120022,ManmadePlatform,ASF_SOBI N7,VEMCO,VR2W
ASF-SOBI N8-VR2W-120029-2017-06-23T18,120029,ManmadePlatform,ASF_SOBI N8,VEMCO,VR2W
ASF-SOBI N9-VR2W-126911-2017-06-23T18,126911,ManmadePlatform,ASF_SOBI N9,VEMCO,VR2W
ASF-S. Portage 11-VR2W-120035-2017-05-04T20,120035,ManmadePlatform,ASF_ASF-S. Portage 11,VEMCO,VR2W
ASF-S. Portage 1-VR2TX-481085-2017-05-04T20,481085,ManmadePlatform,ASF_ASF-S. Portage 1,VEMCO,VR2TX
ASF-S. Portage 2-VR2W-124878-2017-05-04T20,124878,ManmadePlatform,ASF_ASF-S. Portage 2,VEMCO,VR2W
ASF-S. Portage 3-VR2W-124875-2017-05-04T19,124875,ManmadePlatform,ASF_ASF-S. Portage 3,VEMCO,VR2W
ASF-SW Mir 1-VR2W-124879-2017-05-17T00,124879,ManmadePlatform,ASF_SW Mir 1,VEMCO,VR2W
ASF-SW Mir 2-VR2W-124885-2017-05-12T00,124885,ManmadePlatform,ASF_SW Mir 2,VEMCO,VR2W
ASF-SW Mir 3-VR2W-103140-2017-05-20T00,103140,ManmadePlatform,ASF_SW Mir 3,VEMCO,VR2W
ASF-Deeside-Runnymede-VR2-2581-2005,2581,ManmadePlatform,ASF_ASF-Deeside-Runnymede,VEMCO,VR2
ASF-Cascapedia 1-VR2W-113168-2014,113168,ManmadePlatform,ASF_ASF-Cascapedia 1,VEMCO,VR2W
ASF-CB28-VR2W-120028-2014,120028,ManmadePlatform,ASF_ASF-CB28,VEMCO,VR2W
ASF-CB21-VR2W-103136-2012,103136,ManmadePlatform,ASF_ASF-CB21,VEMCO,VR2W
G5_3-VR2W-113619-1,113619,ManmadePlatform,ASI_G5_3,VEMCO,VR2W
G5_7-VR2W-113618-1,113618,ManmadePlatform,ASI_G5_7,VEMCO,VR2W
G1_3-VR2W-113666-1,113666,ManmadePlatform,ASI_G1_3,VEMCO,VR2W
G2_2-VR2W-113664-1,113664,ManmadePlatform,ASI_G2_2,VEMCO,VR2W
G5_1-VR2W-113634-1,113634,ManmadePlatform,ASI_G5_1,VEMCO,VR2W
G1_5-C-POD-1126-1,1126,ManmadePlatform,ASI_G1_5,Chelonia Limited,C-POD
G1_5-VR2W-113638-1,113638,ManmadePlatform,ASI_G1_5,VEMCO,VR2W
G1_2-VR2W-113649-1,113649,ManmadePlatform,ASI_G1_2,VEMCO,VR2W
G1_6-VR2W-113661-1,113661,ManmadePlatform,ASI_G1_6,VEMCO,VR2W
G5_5-VR2W-113637-1,113637,ManmadePlatform,ASI_G5_5,VEMCO,VR2W
G5_5-VR2W-113665-1,113665,ManmadePlatform,ASI_G5_5,VEMCO,VR2W
G2_6-VR2W-113654-1,113654,ManmadePlatform,ASI_G2_6,VEMCO,VR2W
G1_7-VR2W-113648-1,113648,ManmadePlatform,ASI_G1_7,VEMCO,VR2W
G2_4-C-POD-1325-1,1325,ManmadePlatform,ASI_G2_4,Chelonia Limited,C-POD
G2_4-VR2W-113635-1,113635,ManmadePlatform,ASI_G2_4,VEMCO,VR2W
G2_7-C-POD-1122-1,1122,ManmadePlatform,ASI_G2_7,Chelonia Limited,C-POD
G2_7-VR2W-113639-1,113639,ManmadePlatform,ASI_G2_7,VEMCO,VR2W
G5_8-VR2W-113626-1,113626,ManmadePlatform,ASI_G5_8,VEMCO,VR2W
G2_5-VR2W-113631-1,113631,ManmadePlatform,ASI_G2_5,VEMCO,VR2W
G1_4-VR2W-113641-1,113641,ManmadePlatform,ASI_G1_4,VEMCO,VR2W
G1_1-VR2W-113660-1,113660,ManmadePlatform,ASI_G1_1,VEMCO,VR2W
G2_3-VR2W-113645-1,113645,ManmadePlatform,ASI_G2_3,VEMCO,VR2W
G5_4-VR2W-113657-1,113657,ManmadePlatform,ASI_G5_4,VEMCO,VR2W
G5_4-VR2W-113629-1,113629,ManmadePlatform,ASI_G5_4,VEMCO,VR2W
G2_1-VR2W-113633-1,113633,ManmadePlatform,ASI_G2_1,VEMCO,VR2W
G5_2-VR2W-113640-1,113640,ManmadePlatform,ASI_G5_2,VEMCO,VR2W
G5_6-VR2W-113627-1,113627,ManmadePlatform,ASI_G5_6,VEMCO,VR2W
G1_8-VR2W-113628-1,113628,ManmadePlatform,ASI_G1_8,VEMCO,VR2W
G2_8-VR2W-113630-1,113630,ManmadePlatform,ASI_G2_8,VEMCO,VR2W
G5_3-AURAL-1,G5_3,ManmadePlatform,ASI_G5_3,Multi Electronique,AURAL
ASIG1_5-C-POD-1126-2,1126,ManmadePlatform,ASI_G1_5,Chelonia Limited,C-POD
ASIG2_7-C-POD-1122-2,1122,ManmadePlatform,ASI_G2_7,Chelonia Limited,C-POD
ASIG2_6-VR2W-113654-2,113654,ManmadePlatform,ASI_G2_6,VEMCO,VR2W
ASIG2_8-VR2W-113630-2,113630,ManmadePlatform,ASI_G2_8,VEMCO,VR2W
ASI-G8_3-STAR:ODDI CTD-37701-1,37701,ManmadePlatform,ASI_G8_3,Star-Oddi,Star-oddi CTD
ASIG4_6-VR2W-113651-1,113651,ManmadePlatform,ASI_G4_6,VEMCO,VR2W
ASIG1_1-VR2W-113660-2,113660,ManmadePlatform,ASI_G1_1,VEMCO,VR2W
ASIG1_2-VR2W-113649-2,113649,ManmadePlatform,ASI_G1_2,VEMCO,VR2W
ASIG1_3-VR2W-110122-2,110122,ManmadePlatform,ASI_G1_3,VEMCO,VR2W
ASI-G2_4-Dissolved Oxygen-54066-3,54066,ManmadePlatform,ASI_G2_4,generic,DISSOLVED OXYGEN
ASIG1_8-VR2W-113628-2,113628,ManmadePlatform,ASI_G1_8,VEMCO,VR2W
ASIG2_7-VR2W-113639-2,113639,ManmadePlatform,ASI_G2_7,VEMCO,VR2W
ASI-G5_3-AURAL-G5_3-2,G5_3,ManmadePlatform,ASI_G5_3,Multi Electronique,AURAL
ASI-G7_9-VR2W-110123-2,110123,ManmadePlatform,ASI_G7_9,VEMCO,VR2W
ASI-G8_1-VR2W-110528-1,110528,ManmadePlatform,ASI_G8_1,VEMCO,VR2W
ASI-G8_2-VR2W-110552-1,110552,ManmadePlatform,ASI_G8_2,VEMCO,VR2W
ASI-G8_3-VR2W-122840-1,122840,ManmadePlatform,ASI_G8_3,VEMCO,VR2W
ASI-G8_4-VR2W-110538-1,110538,ManmadePlatform,ASI_G8_4,VEMCO,VR2W
ASI-G9_1-VR2W-110542-1,110542,ManmadePlatform,ASI_G9_1,VEMCO,VR2W
ASI-G9_3-VR2W-110128-1,110128,ManmadePlatform,ASI_G9_3,VEMCO,VR2W
ASI-G9_4-VR2W-110545-1,110545,ManmadePlatform,ASI_G9_4,VEMCO,VR2W
ASI-G2_3-VR2W-113645-3,113645,ManmadePlatform,ASI_G2_3,VEMCO,VR2W
ASI-G2_4-VR2W-110121-2,110121,ManmadePlatform,ASI_G2_4,VEMCO,VR2W
ASI-G2_5-VR2W-113631-3,113631,ManmadePlatform,ASI_G2_5,VEMCO,VR2W
ASI-G2_6-VR2W-113654-3,113654,ManmadePlatform,ASI_G2_6,VEMCO,VR2W
ASI-G2_7-VR2W-113639-3,113639,ManmadePlatform,ASI_G2_7,VEMCO,VR2W
ASI-G2_8-VR2W-113630-3,113630,ManmadePlatform,ASI_G2_8,VEMCO,VR2W
ASI-G3_1-VR2W-113667-2,113667,ManmadePlatform,ASI_G3_1,VEMCO,VR2W
ASI-G3_2-VR2W-113655-2,113655,ManmadePlatform,ASI_G3_2,VEMCO,VR2W
ASI-G3_3-VR2W-113643-2,113643,ManmadePlatform,ASI_G3_3,VEMCO,VR2W
ASI-G5_7-VR2W-113618-3,113618,ManmadePlatform,ASI_G5_7,VEMCO,VR2W
ASI-G5_8-VR2W-113626-3,113626,ManmadePlatform,ASI_G5_8,VEMCO,VR2W
ASI-G6_1-VR2W-110152-2,110152,ManmadePlatform,ASI_G6_1,VEMCO,VR2W
ASI-G6_2-VR2W-110120-2,110120,ManmadePlatform,ASI_G6_2,VEMCO,VR2W
ASI-G6_3-VR2W-113657-2,113657,ManmadePlatform,ASI_G6_3,VEMCO,VR2W
ASI-G6_5-VR2W-110155-2,110155,ManmadePlatform,ASI_G6_5,VEMCO,VR2W
ASI-G6_6-VR2W-110124-2,110124,ManmadePlatform,ASI_G6_6,VEMCO,VR2W
ASI-G7_10-VR2W-110151-2,110151,ManmadePlatform,ASI_G7_10,VEMCO,VR2W
ASI-G7_11-VR2W-110126-2,110126,ManmadePlatform,ASI_G7_11,VEMCO,VR2W
ASI-G7_12-VR2W-110130-2,110130,ManmadePlatform,ASI_G7_12,VEMCO,VR2W
ASI-G7_13-VR2W-113670-2,113670,ManmadePlatform,ASI_G7_13,VEMCO,VR2W
ASI-G7_6-VR2W-110118-2,110118,ManmadePlatform,ASI_G7_6,VEMCO,VR2W
ASI-G7_7-VR2W-110156-2,110156,ManmadePlatform,ASI_G7_7,VEMCO,VR2W
ASI-G7_8-VR2W-110148-2,110148,ManmadePlatform,ASI_G7_8,VEMCO,VR2W
ASI-G10_3-VR2W-110523-1,110523,ManmadePlatform,ASI_G10_3,VEMCO,VR2W
ASI-G10_4-VR2W-110116-1,110116,ManmadePlatform,ASI_G10_4,VEMCO,VR2W
ASI-G11_2-VR2W-110159-1,110159,ManmadePlatform,ASI_G11_2,VEMCO,VR2W
ASI-G11_3-VR2W-110556-1,110556,ManmadePlatform,ASI_G11_3,VEMCO,VR2W
ASI-G1_1-VR2W-113660-3,113660,ManmadePlatform,ASI_G1_1,VEMCO,VR2W
ASI-G12_1-VR2W-110160-1,110160,ManmadePlatform,ASI_G12_1,VEMCO,VR2W
ASI-G12_2-VR2W-113629-1,113629,ManmadePlatform,ASI_G12_2,VEMCO,VR2W
ASI-G12_3-VR2W-113634-1,113634,ManmadePlatform,ASI_G12_3,VEMCO,VR2W
ASI-G1_2-VR2W-113649-3,113649,ManmadePlatform,ASI_G1_2,VEMCO,VR2W
ASI-G13_1-VR2W-110122-1,110122,ManmadePlatform,ASI_G13_1,VEMCO,VR2W
ASI-G13_2-VR2W-113656-1,113656,ManmadePlatform,ASI_G13_2,VEMCO,VR2W
ASI-G1_3-VR2W-113666-3,113666,ManmadePlatform,ASI_G1_3,VEMCO,VR2W
ASI-G14_1-VR2W-110125-1,110125,ManmadePlatform,ASI_G14_1,VEMCO,VR2W
ASI-G14_3-VR2W-110547-1,110547,ManmadePlatform,ASI_G14_3,VEMCO,VR2W
ASI-G1_4-VR2W-113641-3,113641,ManmadePlatform,ASI_G1_4,VEMCO,VR2W
ASI-G15_1-VR2W-110526-1,110526,ManmadePlatform,ASI_G15_1,VEMCO,VR2W
ASI-G1_5-VR2W-113638-3,113638,ManmadePlatform,ASI_G1_5,VEMCO,VR2W
ASI-G1_6-VR2W-113661-3,113661,ManmadePlatform,ASI_G1_6,VEMCO,VR2W
ASI-G1_7-VR2W-113648-3,113648,ManmadePlatform,ASI_G1_7,VEMCO,VR2W
ASI-G1_8-VR2W-113628-3,113628,ManmadePlatform,ASI_G1_8,VEMCO,VR2W
ASI-G2_1-VR2W-113633-3,113633,ManmadePlatform,ASI_G2_1,VEMCO,VR2W
ASI-G2_2-VR2W-113664-3,113664,ManmadePlatform,ASI_G2_2,VEMCO,VR2W
ASI-G3_4-VR2W-113652-2,113652,ManmadePlatform,ASI_G3_4,VEMCO,VR2W
ASI-G3_5-VR2W-113650-2,113650,ManmadePlatform,ASI_G3_5,VEMCO,VR2W
ASI-G4_1-VR2W-113647-2,113647,ManmadePlatform,ASI_G4_1,VEMCO,VR2W
ASI-G4_3-VR2W-113646-2,113646,ManmadePlatform,ASI_G4_3,VEMCO,VR2W
ASI-G4_4-VR2W-113659-2,113659,ManmadePlatform,ASI_G4_4,VEMCO,VR2W
ASI-G4_5-VR2W-113658-2,113658,ManmadePlatform,ASI_G4_5,VEMCO,VR2W
ASI-G4_6-VR2W-113651-2,113651,ManmadePlatform,ASI_G4_6,VEMCO,VR2W
ASI-G5_3-VR2W-110531-3,110531,ManmadePlatform,ASI_G5_3,VEMCO,VR2W
ASI-G5_4-VR2W-113635-3,113635,ManmadePlatform,ASI_G5_4,VEMCO,VR2W
ASI-G5_5-VR2W-113665-3,113665,ManmadePlatform,ASI_G5_5,VEMCO,VR2W
ASI-G5_6-VR2W-113627-3,113627,ManmadePlatform,ASI_G5_6,VEMCO,VR2W
ASI-G7_14-VR2W-110149-2,110149,ManmadePlatform,ASI_G7_14,VEMCO,VR2W
ASI-G7_15-VR2W-110127-2,110127,ManmadePlatform,ASI_G7_15,VEMCO,VR2W
ASI-G7_16-VR2W-110158-2,110158,ManmadePlatform,ASI_G7_16,VEMCO,VR2W
ASI-G7_17-VR2W-113642-2,113642,ManmadePlatform,ASI_G7_17,VEMCO,VR2W
ASI-G7_18-VR2W-122839-2,122839,ManmadePlatform,ASI_G7_18,VEMCO,VR2W
ASI-G7_2-VR2W-122842-2,122842,ManmadePlatform,ASI_G7_2,VEMCO,VR2W
ASI-G7_3-VR2W-122841-2,122841,ManmadePlatform,ASI_G7_3,VEMCO,VR2W
ASI-G7_4-VR2W-113653-2,113653,ManmadePlatform,ASI_G7_4,VEMCO,VR2W
ASI-G7_5-VR2W-110129-2,110129,ManmadePlatform,ASI_G7_5,VEMCO,VR2W
ASIG1_3-VR2W-113666-2,113666,ManmadePlatform,ASI_G1_3,VEMCO,VR2W
ASIG1_4-VR2W-113629-2,113629,ManmadePlatform,ASI_G1_4,VEMCO,VR2W
ASIG1_4-VR2W-113641-2,113641,ManmadePlatform,ASI_G1_4,VEMCO,VR2W
ASIG1_5-VR2W-113638-2,113638,ManmadePlatform,ASI_G1_5,VEMCO,VR2W
ASIG1_6-VR2W-113661-2,113661,ManmadePlatform,ASI_G1_6,VEMCO,VR2W
ASIG1_7-VR2W-113648-2,113648,ManmadePlatform,ASI_G1_7,VEMCO,VR2W
