release_reference_id,release_reference_type,release_project_reference
GR-ST02,STATION,WRS
SMR-ST01,STATION,WRS
SMR-ST02,STATION,WRS
LR-ST01,STATION,WRS
LR-ST02,STATION,WRS
WRSH-ST01,STATION,WRS
WRSH-ST02,STATION,WRS
WRS-10569,ANIMAL,WRS
WRS-10568,ANIMAL,WRS
WRS-10567,ANIMAL,WRS
WRS-10566,ANIMAL,WRS
WRS-10565,ANIMAL,WRS
WRS-10564,ANIMAL,WRS
WRS-10563,ANIMAL,WRS
WRS-10562,ANIMAL,WRS
WRS-10561,ANIMAL,WRS
WRS-10560,ANIMAL,WRS
WRS-10559,ANIMAL,WRS
WRS-10558,ANIMAL,WRS
WRS-10557,ANIMAL,WRS
WRS-10556,ANIMAL,WRS
WRS-37288,ANIMAL,WRS
WRS-37287,ANIMAL,WRS
WRS-37286,ANIMAL,WRS
WRS-37285,ANIMAL,WRS
WRS-37284,ANIMAL,WRS
WRS-37258,ANIMAL,WRS
WRS-37257,ANIMAL,WRS
WRS-37256,ANIMAL,WRS
WRS-37053,ANIMAL,WRS
WRS-37052,ANIMAL,WRS
WRS-37051,ANIMAL,WRS
WRS-37050,ANIMAL,WRS
WRS-37049,ANIMAL,WRS
WRS-37048,ANIMAL,WRS
WRS-37047,ANIMAL,WRS
WRS-37046,ANIMAL,WRS
WRS-37045,ANIMAL,WRS
WRS-37039,ANIMAL,WRS
WRS-36912,ANIMAL,WRS
WRS-36911,ANIMAL,WRS
WRS-36910,ANIMAL,WRS
WRS-36909,ANIMAL,WRS
WRS-36908,ANIMAL,WRS
WRS-36907,ANIMAL,WRS
WRS-36906,ANIMAL,WRS
WRS-36905,ANIMAL,WRS
WRS-36904,ANIMAL,WRS
WRS-36903,ANIMAL,WRS
WRS-36902,ANIMAL,WRS
WRS-36901,ANIMAL,WRS
WRS-36900,ANIMAL,WRS
WRS-36899,ANIMAL,WRS
WRS-36898,ANIMAL,WRS
WRS-36897,ANIMAL,WRS
WRS-36896,ANIMAL,WRS
WRS-36895,ANIMAL,WRS
WRS-36894,ANIMAL,WRS
WRS-36893,ANIMAL,WRS
WRS-36892,ANIMAL,WRS
WRS-36891,ANIMAL,WRS
WRS-36890,ANIMAL,WRS
WRS-36889,ANIMAL,WRS
WRS-36888,ANIMAL,WRS
WRS-36887,ANIMAL,WRS
WRS-36886,ANIMAL,WRS
WRS-36885,ANIMAL,WRS
WRS-36884,ANIMAL,WRS
WRS-36883,ANIMAL,WRS
WRS-36882,ANIMAL,WRS
WRS-36881,ANIMAL,WRS
WRS-36880,ANIMAL,WRS
WRS-36879,ANIMAL,WRS
WRS-36878,ANIMAL,WRS
WRS-36877,ANIMAL,WRS
WRS-36876,ANIMAL,WRS
WRS-36875,ANIMAL,WRS
WRS-36874,ANIMAL,WRS
WRS-36873,ANIMAL,WRS
WRS-36872,ANIMAL,WRS
WRS-36871,ANIMAL,WRS
WRS-36870,ANIMAL,WRS
WRS-36869,ANIMAL,WRS
WRS-36868,ANIMAL,WRS
WRS-36867,ANIMAL,WRS
WRS-36866,ANIMAL,WRS
WRS-36865,ANIMAL,WRS
WRS-36864,ANIMAL,WRS
WRS-36863,ANIMAL,WRS
WRS-36862,ANIMAL,WRS
WRS-36861,ANIMAL,WRS
WRS-36740,ANIMAL,WRS
WRS-36739,ANIMAL,WRS
WRS-36738,ANIMAL,WRS
WRS-36737,ANIMAL,WRS
WRS-36736,ANIMAL,WRS
WRS-36735,ANIMAL,WRS
WRS-36734,ANIMAL,WRS
WRS-36733,ANIMAL,WRS
WRS-36732,ANIMAL,WRS
WRS-36731,ANIMAL,WRS
WRS-36730,ANIMAL,WRS
WRS-36729,ANIMAL,WRS
WRS-36728,ANIMAL,WRS
WRS-36727,ANIMAL,WRS
WRS-36726,ANIMAL,WRS
WRS-36725,ANIMAL,WRS
WRS-36724,ANIMAL,WRS
WRS-36723,ANIMAL,WRS
WRS-36722,ANIMAL,WRS
WRS-36721,ANIMAL,WRS
WRS-36720,ANIMAL,WRS
WRS-36719,ANIMAL,WRS
WRS-36718,ANIMAL,WRS
WRS-36717,ANIMAL,WRS
WRS-36716,ANIMAL,WRS
WRS-36715,ANIMAL,WRS
WRS-36714,ANIMAL,WRS
WRS-36713,ANIMAL,WRS
WRS-36712,ANIMAL,WRS
WRS-36711,ANIMAL,WRS
WRS-36710,ANIMAL,WRS
WRS-36709,ANIMAL,WRS
WRS-36708,ANIMAL,WRS
WRS-36707,ANIMAL,WRS
WRS-36706,ANIMAL,WRS
WRS-36705,ANIMAL,WRS
WRS-36704,ANIMAL,WRS
WRS-36703,ANIMAL,WRS
WRS-36702,ANIMAL,WRS
WRS-36701,ANIMAL,WRS
WRS-29662,ANIMAL,WRS
WRS-29661,ANIMAL,WRS
WRS-29660,ANIMAL,WRS
WRS-29659,ANIMAL,WRS
WRS-29657,ANIMAL,WRS
WRS-29656,ANIMAL,WRS
WRS-29655,ANIMAL,WRS
WRS-29654,ANIMAL,WRS
WRS-29653,ANIMAL,WRS
WRS-29652,ANIMAL,WRS
WRS-29651,ANIMAL,WRS
WRS-29650,ANIMAL,WRS
WRS-29649,ANIMAL,WRS
WRS-29648,ANIMAL,WRS
WRS-29647,ANIMAL,WRS
WRS-29646,ANIMAL,WRS
WRS-37044,ANIMAL,WRS
WRS-37043,ANIMAL,WRS
WRS-37042,ANIMAL,WRS
WRS-37041,ANIMAL,WRS
WRS-37040,ANIMAL,WRS
WRS-10555,ANIMAL,WRS
WRS-10554,ANIMAL,WRS
WRS-10553,ANIMAL,WRS
WRS-10552,ANIMAL,WRS
WRS-10551,ANIMAL,WRS
WRS-10550,ANIMAL,WRS
WRS-29645,ANIMAL,WRS
WRS-29644,ANIMAL,WRS
WRS-29643,ANIMAL,WRS
WRS-29642,ANIMAL,WRS
WRS-29641,ANIMAL,WRS
WRS-29640,ANIMAL,WRS
WRS-29639,ANIMAL,WRS
WRS-29638,ANIMAL,WRS
WRS-29637,ANIMAL,WRS
WRS-1073422,ANIMAL,WRS
WRS-1073421,ANIMAL,WRS
WRS-1073420,ANIMAL,WRS
WRS-1073419,ANIMAL,WRS
WRS-1073418,ANIMAL,WRS
WRS-1073417,ANIMAL,WRS
WRS-1073416,ANIMAL,WRS
WRS-1073415,ANIMAL,WRS
WRS-1073414,ANIMAL,WRS
WRS-1073413,ANIMAL,WRS
WRS-1073412,ANIMAL,WRS
WRS-1073411,ANIMAL,WRS
WRS-1073410,ANIMAL,WRS
WRS-1073409,ANIMAL,WRS
WRS-1073408,ANIMAL,WRS
WRS-1073407,ANIMAL,WRS
WRS-1073406,ANIMAL,WRS
WRS-1073405,ANIMAL,WRS
WRS-1073404,ANIMAL,WRS
WRS-1073403,ANIMAL,WRS
WRS-1073402,ANIMAL,WRS
WRS-1073401,ANIMAL,WRS
WRS-1073400,ANIMAL,WRS
WRS-1073399,ANIMAL,WRS
WRS-1073398,ANIMAL,WRS
WRS-1073397,ANIMAL,WRS
NSBS-Eva,ANIMAL,NSBS
NSBS-Percy,ANIMAL,NSBS
NSBS-Riley,ANIMAL,NSBS
NSBS-Meeko,ANIMAL,NSBS
NSBS-Sophie,ANIMAL,NSBS
NSBS-Brandy,ANIMAL,NSBS
FRO-T25,ANIMAL,FRO
NSBS-Lucy,ANIMAL,NSBS
NSBS-Xena,ANIMAL,NSBS
NSBS-Leia,ANIMAL,NSBS
NSBS-Hayley,ANIMAL,NSBS
NSBS-Blueberry,ANIMAL,NSBS
NSBS-Finnigan,ANIMAL,NSBS
NSBS-Wryley,ANIMAL,NSBS
NSBS-Brianna,ANIMAL,NSBS
NSBS-Tika,ANIMAL,NSBS
NSBS-Janina,ANIMAL,NSBS
NSBS-Lola,ANIMAL,NSBS
NSBS-Alyssa,ANIMAL,NSBS
NSBS-Ophelia,ANIMAL,NSBS
NSBS-Skylar,ANIMAL,NSBS
NSBS-Blue Rodeo (Rick Mercer),ANIMAL,NSBS
NSBS-Keesh,ANIMAL,NSBS
NSBS-Tiny Turner,ANIMAL,NSBS
NSBS-Tail Slap,ANIMAL,NSBS
NSBS-Hey Jude,ANIMAL,NSBS
NSBS-Suzy Q,ANIMAL,NSBS
NSBS-Betty,ANIMAL,NSBS
NSBS-Bonkers,ANIMAL,NSBS
NSBS-Brendal,ANIMAL,NSBS
NSBS-Lucy-14,ANIMAL,NSBS
NSBS-Finnigan-14,ANIMAL,NSBS
NSBS-Big Momma,ANIMAL,NSBS
NSBS-Calypso,ANIMAL,NSBS
NSBS-Katelyn,ANIMAL,NSBS
NSBS-Hooker,ANIMAL,NSBS
NSBS-Casey,ANIMAL,NSBS
NSBS-Helga,ANIMAL,NSBS
NSBS-Nikki,ANIMAL,NSBS
NSBS-Alison,ANIMAL,NSBS
NSBS-LILY,ANIMAL,NSBS
NSBS-MATTEA,ANIMAL,NSBS
NSBS-ALICE,ANIMAL,NSBS
NSBS-PEYTON,ANIMAL,NSBS
NSBS-KRISTINA,ANIMAL,NSBS
NSBS-GRIFFIN,ANIMAL,NSBS
NSBS-TRACEY,ANIMAL,NSBS
NSBS-HUGH,ANIMAL,NSBS
NSBS-SARAH,ANIMAL,NSBS
NSBS-LORENZA,ANIMAL,NSBS
NSBS-NICOLE,ANIMAL,NSBS
NSBS-TINI,ANIMAL,NSBS
NSBS-ALI,ANIMAL,NSBS
NSBS-CAROLINA,ANIMAL,NSBS
NSBS-NAKIA,ANIMAL,NSBS
NSBS-SWAANTJE,ANIMAL,NSBS
NSBS-Salty Dog,ANIMAL,NSBS
NSBS-ELVIRE,ANIMAL,NSBS
NSBS-MOFFAT,ANIMAL,NSBS
NSBS-110451,ANIMAL,NSBS
NSBS-110448,ANIMAL,NSBS
NSBS-1248833,ANIMAL,NSBS
NSBS-1248824,ANIMAL,NSBS
NSBS-1248832,ANIMAL,NSBS
NSBS-1248830,ANIMAL,NSBS
NSBS-Hops,ANIMAL,NSBS
NSBS-Spruce,ANIMAL,NSBS
NSBS-1248838-2017-08-22-11288,ANIMAL,NSBS
NSBS-1248834-2017-08-27-11280,ANIMAL,NSBS
NSBS-1248831-2017-08-22-11274,ANIMAL,NSBS
NSBS-1248829-2017-08-22-11270,ANIMAL,NSBS
NSBS-1248828-2017-08-27-11268,ANIMAL,NSBS
NSBS-1248827-2017-08-22-11266,ANIMAL,NSBS
NSBS-1248826-2017-08-25-11264,ANIMAL,NSBS
NSBS-1248825-2017-08-22-11262,ANIMAL,NSBS
NSBS-1248838-2017-08-22-11287,ANIMAL,NSBS
NSBS-1248834-2017-08-27-11279,ANIMAL,NSBS
NSBS-1248831-2017-08-22-11273,ANIMAL,NSBS
NSBS-1248829-2017-08-22-11269,ANIMAL,NSBS
NSBS-1248828-2017-08-27-11267,ANIMAL,NSBS
NSBS-1248827-2017-08-22-11265,ANIMAL,NSBS
NSBS-1248826-2017-08-25-11263,ANIMAL,NSBS
NSBS-1248825-2017-08-22-11261,ANIMAL,NSBS
NSBS-1250986-2017-08-25-11209,ANIMAL,NSBS
NSBS-1250984-2017-08-25-11205,ANIMAL,NSBS
NSBS-1250982-2017-08-25-11201,ANIMAL,NSBS
MCS-50927,ANIMAL,MCS
MCS-50926,ANIMAL,MCS
MCS-50925,ANIMAL,MCS
MCS-50954,ANIMAL,MCS
MCS-50953,ANIMAL,MCS
MCS-50951,ANIMAL,MCS
MCS-50950,ANIMAL,MCS
MCS-50949,ANIMAL,MCS
MCS-50948,ANIMAL,MCS
MCS-50947,ANIMAL,MCS
MCS-50944,ANIMAL,MCS
MCS-50943,ANIMAL,MCS
MCS-50942,ANIMAL,MCS
MCS-50936,ANIMAL,MCS
MCS-50941,ANIMAL,MCS
MCS-50940,ANIMAL,MCS
MCS-50939,ANIMAL,MCS
MCS-50938,ANIMAL,MCS
MCS-50937,ANIMAL,MCS
MCS-16268,ANIMAL,MCS
MCS-16265,ANIMAL,MCS
MCS-50933,ANIMAL,MCS
MCS-50932,ANIMAL,MCS
MCS-50931,ANIMAL,MCS
MCS-50929,ANIMAL,MCS
MCS-50928,ANIMAL,MCS
MCS-50946,ANIMAL,MCS
MCS-50945,ANIMAL,MCS
MCS-50935,ANIMAL,MCS
MCS-50934,ANIMAL,MCS
FRO-T41,ANIMAL,FRO
FRO-T40,ANIMAL,FRO
FRO-T39,ANIMAL,FRO
FRO-T38,ANIMAL,FRO
FRO-T9,ANIMAL,FRO
FRO-T8,ANIMAL,FRO
FRO-T7,ANIMAL,FRO
FRO-T6,ANIMAL,FRO
FRO-T5,ANIMAL,FRO
FRO-T4,ANIMAL,FRO
FRO-T33,ANIMAL,FRO
FRO-T32,ANIMAL,FRO
FRO-T31,ANIMAL,FRO
FRO-T3,ANIMAL,FRO
FRO-T29,ANIMAL,FRO
FRO-T28,ANIMAL,FRO
FRO-T27,ANIMAL,FRO
FRO-T26,ANIMAL,FRO
FRO-T2,ANIMAL,FRO
FRO-T14,ANIMAL,FRO
FRO-T13,ANIMAL,FRO
FRO-T12,ANIMAL,FRO
FRO-T11,ANIMAL,FRO
FRO-T10,ANIMAL,FRO
FRO-T1,ANIMAL,FRO
FRO-T61,ANIMAL,FRO
FRO-T60,ANIMAL,FRO
FRO-T59,ANIMAL,FRO
FRO-T58,ANIMAL,FRO
FRO-T57,ANIMAL,FRO
FRO-T56,ANIMAL,FRO
FRO-T55,ANIMAL,FRO
FRO-T54,ANIMAL,FRO
FRO-T53,ANIMAL,FRO
FRO-T52,ANIMAL,FRO
FRO-T51,ANIMAL,FRO
FRO-T50,ANIMAL,FRO
FRO-T49,ANIMAL,FRO
FRO-T48,ANIMAL,FRO
FRO-T47,ANIMAL,FRO
FRO-T46,ANIMAL,FRO
FRO-T45,ANIMAL,FRO
FRO-T44,ANIMAL,FRO
FRO-T43,ANIMAL,FRO
FRO-T42,ANIMAL,FRO
FRO-T23,ANIMAL,FRO
FRO-T21,ANIMAL,FRO
FRO-T22,ANIMAL,FRO
FRO-T24,ANIMAL,FRO
FRO-T15,ANIMAL,FRO
FRO-T20,ANIMAL,FRO
FRO-T19,ANIMAL,FRO
FRO-T17,ANIMAL,FRO
FRO-T18,ANIMAL,FRO
FRO-T36,ANIMAL,FRO
FRO-T37,ANIMAL,FRO
FRO-T34,ANIMAL,FRO
FRO-T30,ANIMAL,FRO
FRO-T35,ANIMAL,FRO
FRO-T16,ANIMAL,FRO
MACFL-15589,ANIMAL,MACFL
MACFL-15590,ANIMAL,MACFL
MACFL-15591,ANIMAL,MACFL
MACFL-15592,ANIMAL,MACFL
MACFL-15593,ANIMAL,MACFL
MACFL-15594,ANIMAL,MACFL
MACFL-15595,ANIMAL,MACFL
MACFL-15596,ANIMAL,MACFL
MACFL-15597,ANIMAL,MACFL
MACFL-15598,ANIMAL,MACFL
MACFL-15599,ANIMAL,MACFL
MACFL-15600,ANIMAL,MACFL
MACFL-15601,ANIMAL,MACFL
MACFL-15602,ANIMAL,MACFL
MACFL-15603,ANIMAL,MACFL
MACFL-15604,ANIMAL,MACFL
MACFL-15605,ANIMAL,MACFL
MACFL-15606,ANIMAL,MACFL
MACFL-15607,ANIMAL,MACFL
MACFL-15608,ANIMAL,MACFL
MACFL-15609,ANIMAL,MACFL
MACFL-15610,ANIMAL,MACFL
MACFL-15611,ANIMAL,MACFL
MACFL-15612,ANIMAL,MACFL
MACFL-15613,ANIMAL,MACFL
MACFL-15614,ANIMAL,MACFL
MACFL-15615,ANIMAL,MACFL
MACFL-15616,ANIMAL,MACFL
MACFL-15617,ANIMAL,MACFL
MACFL-15618,ANIMAL,MACFL
MACFL-15619,ANIMAL,MACFL
MACFL-15620,ANIMAL,MACFL
MACFL-15621,ANIMAL,MACFL
MACFL-15622,ANIMAL,MACFL
MACFL-15623,ANIMAL,MACFL
MACFL-15624,ANIMAL,MACFL
MACFL-15625,ANIMAL,MACFL
MACFL-15626,ANIMAL,MACFL
MACFL-15627,ANIMAL,MACFL
MACFL-15628,ANIMAL,MACFL
MACFL-15629,ANIMAL,MACFL
MACFL-15630,ANIMAL,MACFL
MACFL-15631,ANIMAL,MACFL
MACFL-15632,ANIMAL,MACFL
CCS-42491,ANIMAL,CCS
CCS-42490,ANIMAL,CCS
CCS-42489,ANIMAL,CCS
CCS-42488,ANIMAL,CCS
CCS-42487,ANIMAL,CCS
CCS-42486,ANIMAL,CCS
CCS-42485,ANIMAL,CCS
CCS-42484,ANIMAL,CCS
CCS-42483,ANIMAL,CCS
CCS-42482,ANIMAL,CCS
CCS-42481,ANIMAL,CCS
CCS-42480,ANIMAL,CCS
CCS-42479,ANIMAL,CCS
CCS-42478,ANIMAL,CCS
CCS-42477,ANIMAL,CCS
CCS-42476,ANIMAL,CCS
CCS-42475,ANIMAL,CCS
CCS-42474,ANIMAL,CCS
CCS-42473,ANIMAL,CCS
CCS-42472,ANIMAL,CCS
CCS-42471,ANIMAL,CCS
CCS-42470,ANIMAL,CCS
CCS-42469,ANIMAL,CCS
CCS-42468,ANIMAL,CCS
CCS-42467,ANIMAL,CCS
CCS-42466,ANIMAL,CCS
CCS-42465,ANIMAL,CCS
CCS-42464,ANIMAL,CCS
CCS-42463,ANIMAL,CCS
CCS-42462,ANIMAL,CCS
CCS-42461,ANIMAL,CCS
CCS-42460,ANIMAL,CCS
CCS-42459,ANIMAL,CCS
CCS-42458,ANIMAL,CCS
CCS-42457,ANIMAL,CCS
CCS-42456,ANIMAL,CCS
CCS-42455,ANIMAL,CCS
CCS-42454,ANIMAL,CCS
CCS-42453,ANIMAL,CCS
CCS-42452,ANIMAL,CCS
CCS-42451,ANIMAL,CCS
CCS-42450,ANIMAL,CCS
CCS-42449,ANIMAL,CCS
CCS-42448,ANIMAL,CCS
CCS-42447,ANIMAL,CCS
CCS-42446,ANIMAL,CCS
CCS-42445,ANIMAL,CCS
CCS-42444,ANIMAL,CCS
CCS-42443,ANIMAL,CCS
CCS-42442,ANIMAL,CCS
CCS-42441,ANIMAL,CCS
CCS-42440,ANIMAL,CCS
CCS-42439,ANIMAL,CCS
CCS-42438,ANIMAL,CCS
CCS-42437,ANIMAL,CCS
CCS-42436,ANIMAL,CCS
CCS-42435,ANIMAL,CCS
CCS-42434,ANIMAL,CCS
CCS-42433,ANIMAL,CCS
CCS-42432,ANIMAL,CCS
CCS-42431,ANIMAL,CCS
CCS-42430,ANIMAL,CCS
CCS-42429,ANIMAL,CCS
CCS-42428,ANIMAL,CCS
CCS-42427,ANIMAL,CCS
CCS-42426,ANIMAL,CCS
CCS-42425,ANIMAL,CCS
CCS-42424,ANIMAL,CCS
CCS-42423,ANIMAL,CCS
CCS-42422,ANIMAL,CCS
CCS-42421,ANIMAL,CCS
CCS-42420,ANIMAL,CCS
CCS-42419,ANIMAL,CCS
CCS-42418,ANIMAL,CCS
CCS-42417,ANIMAL,CCS
CCS-42416,ANIMAL,CCS
CCS-42415,ANIMAL,CCS
CCS-42414,ANIMAL,CCS
CCS-42413,ANIMAL,CCS
CCS-42412,ANIMAL,CCS
CCS-42411,ANIMAL,CCS
CCS-42410,ANIMAL,CCS
CCS-42409,ANIMAL,CCS
CCS-42408,ANIMAL,CCS
CCS-42407,ANIMAL,CCS
CCS-42406,ANIMAL,CCS
CCS-42405,ANIMAL,CCS
CCS-42404,ANIMAL,CCS
CCS-42403,ANIMAL,CCS
CCS-42402,ANIMAL,CCS
CCS-42401,ANIMAL,CCS
CCS-42400,ANIMAL,CCS
CCS-42399,ANIMAL,CCS
CCS-42398,ANIMAL,CCS
CCS-42397,ANIMAL,CCS
CCS-42396,ANIMAL,CCS
CCS-42395,ANIMAL,CCS
CCS-42394,ANIMAL,CCS
CCS-42393,ANIMAL,CCS
CCS-42392,ANIMAL,CCS
CCSALMON-1274650-2017-09-13,ANIMAL,CCSALMON
CCSALMON-1274649-2017-09-13,ANIMAL,CCSALMON
CCSALMON-1274648-2017-09-12,ANIMAL,CCSALMON
CCSALMON-1274647-2017-09-12,ANIMAL,CCSALMON
CCSALMON-1274646-2017-09-12,ANIMAL,CCSALMON
CCSALMON-1274645-2017-09-12,ANIMAL,CCSALMON
CCSALMON-1274644-2017-09-12,ANIMAL,CCSALMON
CCSALMON-1274643-2017-09-12,ANIMAL,CCSALMON
CCSALMON-1274642-2017-09-12,ANIMAL,CCSALMON
CCSALMON-1274707-2017-09-15,ANIMAL,CCSALMON
CCSALMON-1274706-2017-09-15,ANIMAL,CCSALMON
CCSALMON-1274705-2017-09-15,ANIMAL,CCSALMON
CCSALMON-1274704-2017-09-15,ANIMAL,CCSALMON
CCSALMON-1274703-2017-09-15,ANIMAL,CCSALMON
CCSALMON-1274702-2017-09-15,ANIMAL,CCSALMON
CCSALMON-1274701-2017-09-15,ANIMAL,CCSALMON
CCSALMON-1274700-2017-09-15,ANIMAL,CCSALMON
CCSALMON-1274699-2017-09-14,ANIMAL,CCSALMON
CCSALMON-1274698-2017-09-14,ANIMAL,CCSALMON
CCSALMON-1274697-2017-09-14,ANIMAL,CCSALMON
CCSALMON-1274696-2017-09-14,ANIMAL,CCSALMON
CCSALMON-1274695-2017-09-14,ANIMAL,CCSALMON
CCSALMON-1274694-2017-09-14,ANIMAL,CCSALMON
CCSALMON-1274693-2017-09-14,ANIMAL,CCSALMON
CCSALMON-1274692-2017-09-14,ANIMAL,CCSALMON
CCSALMON-1274691-2017-09-14,ANIMAL,CCSALMON
CCSALMON-1274690-2017-09-14,ANIMAL,CCSALMON
CCSALMON-1274689-2017-09-14,ANIMAL,CCSALMON
CCSALMON-1274688-2017-09-14,ANIMAL,CCSALMON
CCSALMON-1274687-2017-09-14,ANIMAL,CCSALMON
CCSALMON-1274686-2017-09-14,ANIMAL,CCSALMON
CCSALMON-1274685-2017-09-14,ANIMAL,CCSALMON
CCSALMON-1274684-2017-09-14,ANIMAL,CCSALMON
CCSALMON-1274683-2017-09-14,ANIMAL,CCSALMON
CCSALMON-1274682-2017-09-14,ANIMAL,CCSALMON
CCSALMON-1274681-2017-09-14,ANIMAL,CCSALMON
CCSALMON-1274680-2017-09-14,ANIMAL,CCSALMON
CCSALMON-1274679-2017-09-14,ANIMAL,CCSALMON
CCSALMON-1274678-2017-09-13,ANIMAL,CCSALMON
CCSALMON-1274677-2017-09-13,ANIMAL,CCSALMON
CCSALMON-1274676-2017-09-13,ANIMAL,CCSALMON
CCSALMON-1274675-2017-09-13,ANIMAL,CCSALMON
CCSALMON-1274674-2017-09-13,ANIMAL,CCSALMON
CCSALMON-1274673-2017-09-13,ANIMAL,CCSALMON
CCSALMON-1274672-2017-09-13,ANIMAL,CCSALMON
CCSALMON-1274671-2017-09-13,ANIMAL,CCSALMON
CCSALMON-1274670-2017-09-13,ANIMAL,CCSALMON
CCSALMON-1274669-2017-09-13,ANIMAL,CCSALMON
CCSALMON-1274668-2017-09-13,ANIMAL,CCSALMON
CCSALMON-1274667-2017-09-13,ANIMAL,CCSALMON
CCSALMON-1274666-2017-09-13,ANIMAL,CCSALMON
CCSALMON-1274665-2017-09-13,ANIMAL,CCSALMON
CCSALMON-1274664-2017-09-13,ANIMAL,CCSALMON
CCSALMON-1274663-2017-09-13,ANIMAL,CCSALMON
CCSALMON-1274662-2017-09-13,ANIMAL,CCSALMON
CCSALMON-1274661-2017-09-13,ANIMAL,CCSALMON
CCSALMON-1274660-2017-09-13,ANIMAL,CCSALMON
CCSALMON-1274659-2017-09-13,ANIMAL,CCSALMON
CCSALMON-1274658-2017-09-13,ANIMAL,CCSALMON
CCSALMON-1274657-2017-09-13,ANIMAL,CCSALMON
CCSALMON-1274656-2017-09-13,ANIMAL,CCSALMON
CCSALMON-1274655-2017-09-13,ANIMAL,CCSALMON
CCSALMON-1274654-2017-09-13,ANIMAL,CCSALMON
CCSALMON-1274653-2017-09-13,ANIMAL,CCSALMON
CCSALMON-1274652-2017-09-13,ANIMAL,CCSALMON
CCSALMON-1274651-2017-09-13,ANIMAL,CCSALMON
ESS-18951,ANIMAL,ESS
ESS-18950,ANIMAL,ESS
ESS-18949,ANIMAL,ESS
ESS-18948,ANIMAL,ESS
ESS-18947,ANIMAL,ESS
ESS-18946,ANIMAL,ESS
ESS-18945,ANIMAL,ESS
ESS-18944,ANIMAL,ESS
ESS-18943,ANIMAL,ESS
ESS-18942,ANIMAL,ESS
ESS-18941,ANIMAL,ESS
ESS-18940,ANIMAL,ESS
ESS-18939,ANIMAL,ESS
ESS-18938,ANIMAL,ESS
ESS-18937,ANIMAL,ESS
ESS-18936,ANIMAL,ESS
ESS-18935,ANIMAL,ESS
ESS-18953,ANIMAL,ESS
ESS-18952,ANIMAL,ESS
ESS-18931,ANIMAL,ESS
ESS-18932,ANIMAL,ESS
ESS-18933,ANIMAL,ESS
ESS-18934,ANIMAL,ESS
ESS-18924,ANIMAL,ESS
ESS-18925,ANIMAL,ESS
ESS-18926,ANIMAL,ESS
ESS-18927,ANIMAL,ESS
ESS-18928,ANIMAL,ESS
ESS-18929,ANIMAL,ESS
ESS-18930,ANIMAL,ESS
ESS-18967,ANIMAL,ESS
ESS-18966,ANIMAL,ESS
ESS-18965,ANIMAL,ESS
ESS-18964,ANIMAL,ESS
ESS-18963,ANIMAL,ESS
ESS-18962,ANIMAL,ESS
ESS-18961,ANIMAL,ESS
ESS-18960,ANIMAL,ESS
ESS-18959,ANIMAL,ESS
ESS-18958,ANIMAL,ESS
ESS-18957,ANIMAL,ESS
ESS-18956,ANIMAL,ESS
ESS-18955,ANIMAL,ESS
ESS-18954,ANIMAL,ESS
KRS-34322_35482,ANIMAL,KRS
KRS-34321_35481,ANIMAL,KRS
KRS-34320_35480,ANIMAL,KRS
KRS-34319_35479,ANIMAL,KRS
KRS-34318_35478,ANIMAL,KRS
KRS-34317_35477,ANIMAL,KRS
KRS-34316_35476,ANIMAL,KRS
KRS-34315_35475,ANIMAL,KRS
KRS-34314_35474,ANIMAL,KRS
KRS-34312_35472,ANIMAL,KRS
KRS-34311_35471,ANIMAL,KRS
KRS-34310_35470,ANIMAL,KRS
KRS-34309_35469,ANIMAL,KRS
KRS-34308_35468,ANIMAL,KRS
KRS-34307_35467,ANIMAL,KRS
KRS-34306_35466,ANIMAL,KRS
KRS-34305_35465,ANIMAL,KRS
KRS-34304_35464,ANIMAL,KRS
KRS-34303_35463,ANIMAL,KRS
KRS-34302_35462,ANIMAL,KRS
KRS-34301_35461,ANIMAL,KRS
KRS-34300_35460,ANIMAL,KRS
KRS-34299_35459,ANIMAL,KRS
KRS-34298_35458,ANIMAL,KRS
KRS-34296_35456,ANIMAL,KRS
KRS-34295_35455,ANIMAL,KRS
KRS-34294_35454,ANIMAL,KRS
KRS-34293_35453,ANIMAL,KRS
KRS-34292_35452,ANIMAL,KRS
KRS-34291_35451,ANIMAL,KRS
KRS-34290_35450,ANIMAL,KRS
KRS-34289_35449,ANIMAL,KRS
KRS-34288_35448,ANIMAL,KRS
KRS-34287_35447,ANIMAL,KRS
KRS-34286_35446,ANIMAL,KRS
KRS-34285_35445,ANIMAL,KRS
KRS-34284_35444,ANIMAL,KRS
KRS-34283_35443,ANIMAL,KRS
KRS-34282_35442,ANIMAL,KRS
KRS-34281_35441,ANIMAL,KRS
KRS-34280_35440,ANIMAL,KRS
KRS-34279_35439,ANIMAL,KRS
KRS-34278_35438,ANIMAL,KRS
KRS-34277_35437,ANIMAL,KRS
KRS-34276_35436,ANIMAL,KRS
KRS-34275_35435,ANIMAL,KRS
KRS-34274_35434,ANIMAL,KRS
KRS-34273_35433,ANIMAL,KRS
KRS-34313_35473,ANIMAL,KRS
KRS-34297_35457,ANIMAL,KRS
MACFL-15219,ANIMAL,MACFL
MACFL-14282,ANIMAL,MACFL
MACFL-14283,ANIMAL,MACFL
MACFL-14284,ANIMAL,MACFL
MACFL-14285,ANIMAL,MACFL
MACFL-14286,ANIMAL,MACFL
MACFL-14287,ANIMAL,MACFL
MACFL-14288,ANIMAL,MACFL
MACFL-14289,ANIMAL,MACFL
MACFL-14290,ANIMAL,MACFL
MACFL-14291,ANIMAL,MACFL
MACFL-14292,ANIMAL,MACFL
MACFL-14293,ANIMAL,MACFL
MACFL-14294,ANIMAL,MACFL
MACFL-14295,ANIMAL,MACFL
MACFL-14296,ANIMAL,MACFL
MACFL-14297,ANIMAL,MACFL
MACFL-14298,ANIMAL,MACFL
MACFL-14299,ANIMAL,MACFL
MACFL-14300,ANIMAL,MACFL
MACFL-14301,ANIMAL,MACFL
MACFL-14302,ANIMAL,MACFL
MACFL-14303,ANIMAL,MACFL
MACFL-14304,ANIMAL,MACFL
MACFL-14305,ANIMAL,MACFL
MACFL-14306,ANIMAL,MACFL
MACFL-14307,ANIMAL,MACFL
MACFL-14308,ANIMAL,MACFL
MACFL-14309,ANIMAL,MACFL
MACFL-14310,ANIMAL,MACFL
MACFL-14311,ANIMAL,MACFL
MACFL-14312,ANIMAL,MACFL
MACFL-14313,ANIMAL,MACFL
MACFL-14314,ANIMAL,MACFL
MACFL-14315,ANIMAL,MACFL
MACFL-14316,ANIMAL,MACFL
MACFL-14317,ANIMAL,MACFL
MACFL-14318,ANIMAL,MACFL
MACFL-14319,ANIMAL,MACFL
MACFL-14320,ANIMAL,MACFL
MACFL-14321,ANIMAL,MACFL
MACFL-14322,ANIMAL,MACFL
MACFL-14323,ANIMAL,MACFL
MACFL-14324,ANIMAL,MACFL
MACFL-14325,ANIMAL,MACFL
MACFL-14326,ANIMAL,MACFL
MACFL-14327,ANIMAL,MACFL
MACFL-14328,ANIMAL,MACFL
MACFL-14329,ANIMAL,MACFL
MACFL-14330,ANIMAL,MACFL
MACFL-14331,ANIMAL,MACFL
MACFL-14332,ANIMAL,MACFL
MACFL-14333,ANIMAL,MACFL
MACFL-14334,ANIMAL,MACFL
MACFL-14335,ANIMAL,MACFL
MACFL-14336,ANIMAL,MACFL
MACFL-14337,ANIMAL,MACFL
MACFL-14338,ANIMAL,MACFL
MACFL-14339,ANIMAL,MACFL
MACFL-14340,ANIMAL,MACFL
MACFL-14341,ANIMAL,MACFL
MACFL-14342,ANIMAL,MACFL
MACFL-14343,ANIMAL,MACFL
MACFL-14344,ANIMAL,MACFL
MACFL-14345,ANIMAL,MACFL
MACFL-14346,ANIMAL,MACFL
MACFL-14347,ANIMAL,MACFL
MACFL-14348,ANIMAL,MACFL
MACFL-14349,ANIMAL,MACFL
MACFL-14350,ANIMAL,MACFL
MACFL-14351,ANIMAL,MACFL
MACFL-14352,ANIMAL,MACFL
MACFL-14353,ANIMAL,MACFL
MACFL-14354,ANIMAL,MACFL
MACFL-14355,ANIMAL,MACFL
MACFL-14356,ANIMAL,MACFL
MACFL-14357,ANIMAL,MACFL
MACFL-14358,ANIMAL,MACFL
MACFL-14359,ANIMAL,MACFL
MACFL-14360,ANIMAL,MACFL
MACFL-14361,ANIMAL,MACFL
MACFL-14362,ANIMAL,MACFL
MACFL-14363,ANIMAL,MACFL
MACFL-14364,ANIMAL,MACFL
MACFL-14365,ANIMAL,MACFL
MACFL-14366,ANIMAL,MACFL
MACFL-14367,ANIMAL,MACFL
MACFL-14368,ANIMAL,MACFL
MACFL-14369,ANIMAL,MACFL
MACFL-14370,ANIMAL,MACFL
MACFL-14371,ANIMAL,MACFL
MACFL-14372,ANIMAL,MACFL
MACFL-14373,ANIMAL,MACFL
MACFL-14374,ANIMAL,MACFL
MACFL-14375,ANIMAL,MACFL
MACFL-14376,ANIMAL,MACFL
MACFL-14377,ANIMAL,MACFL
MACFL-14378,ANIMAL,MACFL
MACFL-14379,ANIMAL,MACFL
MACFL-14380,ANIMAL,MACFL
MACFL-14381,ANIMAL,MACFL
MACFL-14382,ANIMAL,MACFL
MACFL-14383,ANIMAL,MACFL
MACFL-14384,ANIMAL,MACFL
MACFL-14385,ANIMAL,MACFL
MACFL-14386,ANIMAL,MACFL
MACFL-14387,ANIMAL,MACFL
MACFL-14388,ANIMAL,MACFL
MACFL-14389,ANIMAL,MACFL
MACFL-14390,ANIMAL,MACFL
MACFL-14391,ANIMAL,MACFL
MACFL-14392,ANIMAL,MACFL
MACFL-14393,ANIMAL,MACFL
MACFL-14394,ANIMAL,MACFL
MACFL-14395,ANIMAL,MACFL
MACFL-14396,ANIMAL,MACFL
MACFL-14397,ANIMAL,MACFL
MACFL-14398,ANIMAL,MACFL
MACFL-14399,ANIMAL,MACFL
MACFL-14400,ANIMAL,MACFL
MACFL-14401,ANIMAL,MACFL
MACFL-14402,ANIMAL,MACFL
MACFL-14403,ANIMAL,MACFL
MACFL-14404,ANIMAL,MACFL
MACFL-14405,ANIMAL,MACFL
MACFL-14406,ANIMAL,MACFL
MACFL-14407,ANIMAL,MACFL
MACFL-14408,ANIMAL,MACFL
MACFL-14409,ANIMAL,MACFL
MACFL-14410,ANIMAL,MACFL
MACFL-14411,ANIMAL,MACFL
MACFL-14412,ANIMAL,MACFL
MACFL-14413,ANIMAL,MACFL
MACFL-14414,ANIMAL,MACFL
MACFL-14415,ANIMAL,MACFL
MACFL-14416,ANIMAL,MACFL
MACFL-14417,ANIMAL,MACFL
MACFL-14418,ANIMAL,MACFL
MACFL-14419,ANIMAL,MACFL
MACFL-14420,ANIMAL,MACFL
MACFL-14421,ANIMAL,MACFL
MACFL-14422,ANIMAL,MACFL
MACFL-14423,ANIMAL,MACFL
MACFL-14424,ANIMAL,MACFL
MACFL-14425,ANIMAL,MACFL
MACFL-14426,ANIMAL,MACFL
MACFL-14427,ANIMAL,MACFL
MACFL-14428,ANIMAL,MACFL
MACFL-14429,ANIMAL,MACFL
MACFL-14430,ANIMAL,MACFL
MACFL-14431,ANIMAL,MACFL
MACFL-14432,ANIMAL,MACFL
MACFL-14433,ANIMAL,MACFL
MACFL-14434,ANIMAL,MACFL
MACFL-14435,ANIMAL,MACFL
MACFL-14436,ANIMAL,MACFL
MACFL-14437,ANIMAL,MACFL
MACFL-14438,ANIMAL,MACFL
MACFL-14439,ANIMAL,MACFL
MACFL-14440,ANIMAL,MACFL
MACFL-14441,ANIMAL,MACFL
MACFL-14442,ANIMAL,MACFL
MACFL-14443,ANIMAL,MACFL
MACFL-14444,ANIMAL,MACFL
MACFL-14445,ANIMAL,MACFL
MACFL-14446,ANIMAL,MACFL
MACFL-14447,ANIMAL,MACFL
MACFL-14448,ANIMAL,MACFL
MACFL-14449,ANIMAL,MACFL
MACFL-14450,ANIMAL,MACFL
MACFL-14451,ANIMAL,MACFL
MACFL-14452,ANIMAL,MACFL
MACFL-14453,ANIMAL,MACFL
MACFL-14454,ANIMAL,MACFL
MACFL-14455,ANIMAL,MACFL
MACFL-14456,ANIMAL,MACFL
